application_id,credit_score,income,debt_to_income,payment_history,credit_utilization,length_of_credit,number_of_accounts,derogatory_marks,inquiries_last_6_months,employment_length,home_ownership,loan_amount,loan_term,interest_rate,risk_level,decision
APP0001,749,99983,0.3849745423879394,Fair,0.7729883488128486,10.698833286425018,15,1,4,19.45851420817799,Own,280571.0121936175,24,10.217601140300228,Very Good,Approve
APP0002,686,88115,0.14620689089816913,Fair,0.22129912130536591,16.060068086626792,7,1,2,1.5117018481089461,Own,297022.5756017367,36,3.5859952035567435,Good,Review
APP0003,764,66490,0.3441743737786356,Poor,0.8442680829404252,6.729121264675869,4,1,2,0.06724756645873242,Rent,158203.13611719522,48,6.8354138710170735,Very Good,Approve
APP0004,852,48826,0.1776986691539204,Good,0.6357245056859953,24.350057523450925,10,0,3,7.613365276078381,Rent,323523.31807616935,12,7.740403587321032,,Approve
APP0005,676,82455,0.6657646470064555,Poor,0.7497822307780256,6.387531686262527,6,2,1,12.021941227450185,Own,416451.3918776613,48,5.976723234155573,Good,Decline
APP0006,676,74837,0.7633816181751296,Good,0.5227620887355099,3.464022406794526,9,1,4,12.584003148993217,Mortgage,499054.9142601962,12,3.4640405282257216,Good,Decline
APP0007,857,87379,0.15062153268055703,Excellent,0.7125891962104539,13.651134764357563,8,1,3,9.528914725876572,Rent,420837.749224385,36,6.825862753272705,,Approve
APP0008,776,80879,0.7685806451041911,Poor,0.06377033773854714,20.090915745675794,7,0,2,2.4976662648129233,Own,283174.39224317425,24,12.511498817409942,Very Good,Decline
APP0009,653,91238,0.46580361953572164,Good,0.745623361062605,13.6937879230727,6,1,3,3.4099504357578847,Mortgage,104780.49992317871,36,7.3213090630997115,Fair,Review
APP0010,754,51619,0.30969597456771175,Good,0.08411803022256155,9.02586982658795,5,0,2,17.042959677040184,Mortgage,343908.4792987122,24,6.8804370628122395,Very Good,Approve
APP0011,653,97934,0.15380345269331447,Poor,0.8064263699084331,17.186964332822782,8,0,1,17.358222634785225,Own,469450.3549234093,60,14.301037654939014,Fair,Review
APP0012,653,69939,0.4504369876492925,Poor,0.8931683351528468,11.063067726953799,8,0,1,13.477970757214404,Own,113814.60446882818,12,3.4995686245740156,Fair,Review
APP0013,724,116881,0.6561608811435241,Good,0.29995734285026115,28.05316301367236,3,1,3,13.284359445577646,Rent,135437.8540580228,60,12.207458347703795,Good,Decline
APP0014,508,47770,0.5949605340866888,Poor,0.2287707728429246,27.75670904850359,7,0,4,11.953642560556151,Own,83014.18627170907,24,8.7971231797722,Poor,Decline
APP0015,527,108399,0.13515820802478165,Fair,0.7005588592793346,15.568782779190768,5,0,5,4.058517714039764,Rent,370993.60537693684,12,14.333550090126488,Poor,Decline
APP0016,643,69947,0.15103128475753247,Poor,0.26507238978221526,10.508635826529497,7,0,3,8.565014005198064,Mortgage,209215.13667759305,12,7.721648929960701,Fair,Decline
APP0017,598,48714,0.382011297842846,Poor,0.7857280256963729,22.376840004742533,5,0,2,13.917893029267574,Rent,40720.8630543282,60,11.49650804406626,Fair,Decline
APP0018,731,52902,0.3067033458335603,Poor,0.1374162033338552,2.0646753610089323,10,0,0,10.745045440066773,Own,438725.4958302373,12,3.839224372686178,Good,Approve
APP0019,609,56991,0.2626690261392335,Good,0.15706191692245453,14.768301175265886,8,2,3,0.3716066811019836,Rent,283259.2333042577,24,14.145269107006573,Fair,Decline
APP0020,558,75604,0.29670314923609953,Fair,0.8822788218355232,10.753378433839673,6,1,3,19.071136134401968,Mortgage,172236.20308017434,24,7.134512001583111,Poor,Decline
APP0021,846,78070,0.6624379203078193,Excellent,0.622763063529504,27.695540667974086,7,1,3,16.896321051442868,Mortgage,178551.6582699375,60,9.288054909411438,Excellent,Decline
APP0022,677,50657,0.7504596375422978,Excellent,0.7698541407646099,1.3480877909077937,6,1,1,5.210900282194757,Own,152223.09789354433,36,4.661779305155605,Good,Decline
APP0023,706,64391,0.38357188616929655,Fair,0.3256799707487903,17.03163139583212,14,0,2,12.329178703325923,Rent,233185.2844723945,24,14.34669445464289,Good,Approve
APP0024,557,118556,0.734277701492748,Fair,0.6250111870925137,22.479243850932153,9,0,3,18.464787674563755,Own,175150.42735919103,24,11.075644847158722,Poor,Decline
APP0025,645,108188,0.3250469908735174,Fair,0.5551055532123076,15.065521638197197,7,0,1,1.9202202422730275,Own,278493.68899459863,12,3.6473697220333468,Fair,Decline
APP0026,711,75908,0.4335058904406542,Good,0.5626776021045049,3.476687874718928,8,0,4,10.060589615934013,Mortgage,389023.45361293416,12,4.8624813501514,Good,Review
APP0027,584,65950,0.2582202984711998,Excellent,0.6301525906070633,29.201380310809164,8,0,2,9.12486051692589,Rent,340486.028887743,24,7.7980079717117965,Fair,Decline
APP0028,737,68000,0.5483332295230908,Fair,0.5390552971597338,16.02230250990684,12,0,2,8.204100105670646,Own,154283.8774495174,60,5.601252148611261,Good,Decline
APP0029,639,80337,0.7852867806223663,Good,0.41470301390726605,18.81140108525133,10,1,2,16.7117721778585,Mortgage,269083.09565449186,36,6.6555068341959664,Fair,Decline
APP0030,670,39430,0.522445167230365,Excellent,0.2845342902234648,7.861683698517712,11,1,1,7.612922933949147,Own,421661.8183570029,12,14.969893930514118,Fair,Decline
APP0031,639,58565,0.35046985887948423,Poor,0.7032941312762218,15.021444468097311,9,2,2,1.2732666648201518,Rent,43421.05502393548,12,10.90378436579763,Fair,Decline
APP0032,885,23285,0.55347221219337,Good,0.24233156550270826,13.445335266791334,5,1,1,1.3167548432860499,Own,48365.660823583334,36,14.066611227773423,,Decline
APP0033,698,74980,0.1860444749257713,Excellent,0.638501160231252,3.1719794180575285,6,1,5,0.8548921304921797,Rent,282523.3333443792,12,8.229580498251948,Good,Review
APP0034,594,81179,0.7220613561857792,Good,0.24833289925192764,4.07865025287655,8,0,3,8.182908437480744,Mortgage,323166.4129110036,60,11.523387413886814,Fair,Decline
APP0035,782,52920,0.4521587655458855,Excellent,0.5815306444612858,25.286703068944462,6,0,1,14.3681255539672,Mortgage,113592.37773019301,12,8.516283505935464,Very Good,Review
APP0036,577,104349,0.41454481942774946,Excellent,0.6850165270596745,7.954778613991117,10,0,2,4.07444923861031,Own,375157.8620788439,12,6.938694514260289,Poor,Decline
APP0037,720,34355,0.5101053519174635,Poor,0.23590680557055832,6.653789873460286,10,0,3,12.929370408630989,Mortgage,326669.0547499565,24,9.230077758012676,Good,Decline
APP0038,504,28390,0.5373487039525817,Good,0.10095180573211204,15.642432086254038,7,1,3,13.741769442074084,Own,462411.74143578036,60,8.12773250144984,Poor,Decline
APP0039,567,70611,0.15024306435855914,Fair,0.16132768154504798,23.293666809512874,8,0,5,5.104042480311959,Own,92787.55891068299,60,14.766487784168325,Poor,Decline
APP0040,719,91177,0.5778320548563818,Poor,0.5650974221803716,2.7964490387906498,12,0,1,12.011153121212585,Rent,378173.39002542524,24,8.95399686259681,Good,Decline
APP0041,773,107098,0.2693521762208707,Poor,0.7720294452918752,17.72742966950942,8,0,0,13.697366800536948,Own,50985.11438580084,48,12.733357594785545,Very Good,Approve
APP0042,717,53527,0.5997668427546129,Excellent,0.08824729805011071,4.457102842376628,8,0,0,9.332272456042514,Rent,286993.28066376975,36,11.001833619550181,Good,Decline
APP0043,688,91967,0.6757743560689378,Fair,0.6740285701853993,2.0573704739429353,12,1,4,6.734331945601902,Own,280428.6183545815,60,8.75552684660907,Good,Decline
APP0044,669,64037,0.6627709552867642,Good,0.3401208490575443,2.5295746127043044,5,0,0,12.383031031486546,Rent,200308.6718769029,48,8.689800869596034,Fair,Decline
APP0045,552,60684,0.48675067718552245,Fair,0.45674911443159416,25.1907591380448,6,0,1,19.556941746561137,Mortgage,423839.8623575979,36,7.102681404744452,Poor,Decline
APP0046,628,87091,0.46411892461752585,Fair,0.8395306173687308,4.421202025213786,9,0,1,8.536828187379562,Own,12141.615945145995,60,4.283781691584673,Fair,Decline
APP0047,653,81308,0.20001317293758822,Fair,0.33217577902546863,2.3093895679564667,8,1,2,7.83470192570242,Rent,264887.90693027514,12,12.137631947247801,Fair,Review
APP0048,805,25590,0.642742305282195,Fair,0.44553639384856314,13.699096727144456,13,0,1,9.285338048522267,Own,116405.23941924184,60,14.017137518406468,Excellent,Decline
APP0049,734,101913,0.2899865663127001,Fair,0.06163005254657894,25.47581068631872,5,0,3,1.5243678689009643,Rent,374314.32336705213,36,5.615458255921412,Good,Approve
APP0050,523,99502,0.4476867959725626,Excellent,0.11935891200411261,8.609842918189756,8,0,4,11.0632655934278,Rent,31103.038889987612,48,14.10808192715037,Poor,Decline
APP0051,732,49360,0.29899186504926173,Excellent,0.2698028524645664,13.229665908251574,4,0,2,6.573947744345272,Own,417461.79720897303,12,5.787650616699338,Good,Approve
APP0052,661,74895,0.19367985409978522,Poor,0.07367440469791324,2.1577534443487854,3,0,3,2.4284424466252497,Own,420665.19108640624,36,9.360949223805303,Fair,Review
APP0053,632,77350,0.5406903878242156,Excellent,0.5866690271410133,14.0232769099114,13,1,2,9.325134822347467,Mortgage,418104.3460777164,36,7.123463953525654,Fair,Decline
APP0054,761,71516,0.1380324243760327,Poor,0.41243860328137916,17.750779338476878,6,0,2,0.06767973147954853,Mortgage,84758.57809900823,60,4.374105430947099,Very Good,Approve
APP0055,803,51242,0.62405166388834,Poor,0.5159234223188187,17.556304558812197,7,0,2,8.035704903255178,Mortgage,318899.194094912,24,3.634060499466568,Excellent,Decline
APP0056,793,48209,0.3223107566827817,Good,0.19845010801188012,10.64037407305659,10,0,2,2.11470535852901,Own,17040.005999860907,24,7.3841583857307285,Very Good,Approve
APP0057,616,64361,0.10009428510313972,Fair,0.3015422250211237,10.15046223923093,7,0,4,0.4858540679956058,Mortgage,425501.6697317079,12,3.5681263745932794,Fair,Decline
APP0058,669,94318,0.4577903974660609,Excellent,0.6142508036248163,4.092084949161339,8,2,1,16.48950092489004,Rent,364257.84481922403,36,4.250477250454216,Fair,Review
APP0059,733,78590,0.1327963359693222,Good,0.8705073150858398,11.637151298741783,8,0,1,18.324976065652695,Own,270265.3281406338,48,4.70757094557581,Good,Approve
APP0060,797,55734,0.29331869047462966,Excellent,0.09285425756187782,3.885345397315975,7,0,1,4.1534929671821335,Rent,367989.80221734237,12,3.0229884741479887,Very Good,Approve
APP0061,652,84292,0.5948835412190013,Poor,0.8068266727269762,23.231282396649497,8,0,5,10.785965276685225,Rent,56218.80735936839,12,4.839026590123842,Fair,Decline
APP0062,681,-6213,0.1438827351353061,Excellent,0.5403490211145272,29.02195463469739,8,1,4,5.559163142619699,Rent,269041.3577666596,60,9.927344164540495,Good,Review
APP0063,589,93719,0.6875369446492017,Fair,0.5293316317422802,29.1321592433345,9,1,1,9.871548773443644,Own,152725.48099005828,48,12.834277465151239,Fair,Decline
APP0064,580,21507,0.10267394586100818,Poor,0.4752367549265963,26.08706188188642,6,0,2,8.732626417883205,Own,486583.5369792568,36,5.321159512896838,Poor,Decline
APP0065,781,55938,0.2727767084413316,Poor,0.10898497301855588,18.422972330848953,8,1,4,5.381021101609713,Mortgage,429987.7958057118,36,3.9704712461700034,Very Good,Approve
APP0066,835,37008,0.6186328393064501,Good,0.12639532397573658,21.32510522007252,11,1,0,14.007871592705953,Mortgage,369305.09095864865,36,11.754170381230466,Excellent,Decline
APP0067,692,32632,0.32138910481051475,Fair,0.5607752048102231,9.270968277732008,12,0,3,2.5298191864050845,Mortgage,467536.3412723686,12,3.0979525374865924,Good,Review
APP0068,800,94020,0.1713246716462095,Poor,0.33981478572022455,19.292342185006,7,0,3,1.0614556434273426,Mortgage,179953.21923708214,60,11.809945224436575,Very Good,Approve
APP0069,736,53307,0.3521637431602995,Fair,0.8296778565910286,14.213836933756447,9,0,3,15.353508660745582,Rent,451431.1505042088,12,4.5734068304025755,Good,Approve
APP0070,635,73662,0.2892753004691679,Excellent,0.39560195675555143,14.978502853531042,6,0,4,13.318600624413596,Own,169366.73373228806,24,5.739420745432842,Fair,Decline
APP0071,736,63826,0.6898983315123886,Fair,0.17178923989724493,22.97552025087958,9,1,2,9.97052248292796,Mortgage,369070.392648665,24,4.440838930656355,Good,Decline
APP0072,853,76926,0.3193435423096002,Poor,0.6575110084767306,9.175632312320298,5,0,2,9.355795409450831,Rent,370844.28677046,36,5.968057884616734,,Approve
APP0073,696,66920,0.6522527302432051,Good,0.29935040822485837,10.223148739141077,13,1,1,9.948227589828525,Own,18991.4394625058,60,12.578111261541538,Good,Decline
APP0074,856,32925,0.7243105013675144,Poor,0.4966497612525092,27.814611942730462,12,1,3,8.740481521973457,Own,186919.25215631563,36,4.590529261500909,,Decline
APP0075,438,89906,0.4036721937035707,Fair,0.6431578676793945,2.630504550678195,8,0,3,7.857845916623583,Own,19522.009480163964,36,14.929987587522408,Poor,Decline
APP0076,782,52656,0.7369602006980744,Fair,0.8152244945217598,15.083394653986872,8,2,2,9.993812057722407,Rent,498575.0886290218,12,6.925173313173502,Very Good,Decline
APP0077,708,26085,0.36412263777423504,Poor,0.7233625155814247,27.47122321182799,5,1,2,10.57030342319521,Mortgage,69876.41329632662,36,14.063617506099947,Good,Approve
APP0078,670,54297,0.7748548915430757,Fair,0.6249069076918154,18.700527226726553,9,0,2,13.838046281672419,Own,275977.3388675736,36,5.280396958026559,Fair,Decline
APP0079,709,102518,0.16250266716790107,Excellent,0.6276882050358721,16.84580515215183,3,0,5,14.224143214680451,Rent,397372.55699369224,60,5.254770239332821,Good,Approve
APP0080,501,86255,0.5809134865522699,Poor,0.8540359474272735,8.242581197651301,8,0,3,7.552581602802892,Own,108619.16510783731,60,9.784028196516886,Poor,Decline
APP0081,678,56283,0.4456698283198501,Good,0.3014504828720556,10.954989182869,10,1,2,8.270810454869775,Rent,247675.8073667816,60,3.607201018856135,Good,Review
APP0082,735,56268,0.371354163818953,Poor,0.0509452800667593,25.709404058336094,8,2,3,7.4739433947244605,Mortgage,307640.09285136394,36,12.612034771627114,Good,Approve
APP0083,847,56959,0.5428983151240206,Excellent,0.28116137548846887,17.217325821285286,13,2,4,10.730715472514207,Mortgage,88500.32965381723,60,8.275383008016647,Excellent,Decline
APP0084,648,116918,0.5926999641440319,Excellent,0.23520767268273238,15.927523618946616,3,2,3,9.067070758283906,Own,391492.17535665387,60,11.390357680234255,Fair,Decline
APP0085,619,74548,0.10305428875521637,Excellent,0.6125593973468985,3.887811692660839,9,1,1,17.791929262723873,Mortgage,156674.864022789,48,5.095586441952232,Fair,Decline
APP0086,649,75751,0.2168671621230391,Excellent,0.5886548598006996,1.4648165371985704,4,1,0,13.927225338329452,Mortgage,113401.30740603176,48,10.708288209434285,Fair,Decline
APP0087,791,90757,0.5991322354440232,Excellent,0.5544421752990152,28.946870471924424,12,0,7,17.97312767508891,Rent,283561.48575433425,24,10.128847852220323,Very Good,Decline
APP0088,732,70969,0.5664697895047446,Good,0.06380692672803565,11.932598851318408,8,1,2,14.182739831188512,Rent,211053.67754503957,12,12.067935023015325,Good,Decline
APP0089,647,58523,0.7762332535900741,Fair,0.6694613462830503,18.493178800885627,6,0,4,19.41984297047628,Own,460940.1128718447,12,6.568815511811647,Fair,Decline
APP0090,751,60091,0.6327264531755482,Excellent,0.3250008506126678,3.3117371224312646,8,0,0,12.714735565105382,Rent,441230.7221170954,60,14.19798689965811,Very Good,Decline
APP0091,709,63209,0.7655408954119367,Excellent,0.6152975906556364,20.81031428596835,8,0,1,19.271002763261095,Mortgage,246841.82506055277,24,14.535612832748782,Good,Decline
APP0092,796,64069,0.5917783510743649,Poor,0.5230916642268303,28.044434552472868,7,0,2,3.1633978081885217,Rent,186039.2496155428,24,13.417483334656257,Very Good,Decline
APP0093,629,83190,0.3086365460476102,Good,0.3413212866137211,17.69429233692517,9,0,1,1.049553616588077,Mortgage,169503.81099931995,48,9.864405193926501,Fair,Decline
APP0094,667,66298,0.17375544557559955,Good,0.1643898270384916,4.657344348886906,9,0,0,11.582503704077185,Own,141106.1753099386,24,8.043459247936207,Fair,Review
APP0095,660,83316,0.647276704341455,Fair,0.1302560630114088,17.869924296730826,6,0,1,19.669864115995498,Mortgage,276828.4483191139,36,3.695909022839458,Fair,Decline
APP0096,553,62982,0.5509044550331412,Good,0.75679058314539,23.22406918003492,5,0,1,8.352104946047936,Rent,404439.5163199263,60,14.366733617531875,Poor,Decline
APP0097,729,66965,0.13373020867530738,Poor,0.8306379107693243,12.786079560646542,7,0,0,4.240867243859192,Rent,162270.7380197433,36,14.421376124380402,Good,Approve
APP0098,726,15044,0.3520353261306849,Poor,0.6023198397496546,26.515294690302568,8,0,2,10.43082898387028,Rent,103146.10394715994,12,3.2242614597562063,Good,Approve
APP0099,700,87908,0.7697598708390004,Fair,0.13791899763141086,19.81180564736357,8,0,3,12.975972491577771,Rent,242987.06502981053,48,7.282650559688641,Good,Decline
APP0100,676,73662,0.4502808019971409,Poor,0.3917231343550046,27.07821863038687,7,0,2,6.303573910317779,Own,43826.8642308566,36,13.560436419099142,Good,Review
APP0101,558,89950,0.4029103952137933,Excellent,0.6695983200893836,19.081654026172778,8,1,8,14.29538716998519,Mortgage,353626.71300355636,60,3.9702243964754196,Poor,Decline
APP0102,657,-7406,0.42038972361150584,Excellent,0.7128477514085578,4.8073511881399025,5,0,1,19.502290140914514,Rent,263995.5504879475,36,5.358796520522489,Fair,Review
APP0103,665,117209,0.24621790680361463,Poor,0.1504858289474253,9.981059622050484,12,1,1,17.93926243421234,Mortgage,253223.65590669855,36,14.74412780183509,Fair,Review
APP0104,619,61510,0.35809501960535667,Fair,0.050026111018575056,6.852053499321251,7,2,5,5.831707470243906,Own,157218.23597951102,24,13.167465745444183,Fair,Decline
APP0105,683,92704,0.3588692791910237,Good,0.6553164889985142,27.355968433789005,10,0,2,6.534473662891966,Mortgage,453289.984390551,48,13.944761929005164,Good,Review
APP0106,740,39002,0.1366485141312307,Fair,0.35310674958827476,23.051601951337,5,0,1,7.430824488991772,Rent,54338.28300628082,12,4.705853023863806,Good,Approve
APP0107,888,80319,0.6372973399625429,Good,0.2663091318755212,20.615552698390175,8,0,2,7.891055567872907,Mortgage,436213.7643546454,60,5.53579150760214,,Decline
APP0108,717,38664,0.39155310233271534,Poor,0.06096284932109663,9.72802326931703,6,0,2,2.0063899838655885,Rent,194585.5491838021,60,10.264999012220988,Good,Approve
APP0109,725,49405,0.6755259207714963,Poor,0.5092544957472748,6.337298389456192,6,0,3,15.239256777785785,Rent,441505.52282776096,12,9.02085865203239,Good,Decline
APP0110,692,112850,0.6952436007839269,Excellent,0.7734781251120845,22.937081551678443,11,1,3,7.306785272214009,Own,367093.11458286794,60,6.582040686564587,Good,Decline
APP0111,508,60232,0.24839583828906067,Good,0.8639868993316997,14.75058043049331,10,0,1,17.596399534109043,Own,61043.65606439877,24,13.606155596846957,Poor,Decline
APP0112,697,70435,0.56014743751909,Fair,0.5308832080212958,7.547897012368245,9,1,1,18.538812462402174,Mortgage,417452.78038958326,36,13.816663386426876,Good,Decline
APP0113,706,86751,0.43059726291408723,Poor,0.48729212857891,18.88203736679298,9,0,4,0.4886261861537622,Mortgage,344266.6485127575,24,6.500208121759334,Good,Review
APP0114,946,77392,0.7161097165450396,Fair,0.12229792766585494,2.169681712015107,9,0,3,19.770061398564124,Rent,25827.93732852074,24,4.869037687103278,,Decline
APP0115,680,68760,0.2510184754235179,Excellent,0.5165418813112098,10.458937369719353,5,0,2,14.20045463000369,Rent,75514.31423373827,24,4.789109049243762,Good,Review
APP0116,730,74124,0.574469240217031,Good,0.37298221712058544,14.588152843142904,11,1,3,10.407844519859246,Rent,321457.7473594906,12,8.81310234470327,Good,Decline
APP0117,696,125085,0.5254264855769059,Good,0.5660649887510404,5.290791689172769,7,0,3,7.790552167451066,Rent,334674.2464113396,48,4.595021944816235,Good,Decline
APP0118,583,63559,0.30671103430028296,Poor,0.38041739569506466,29.554979850134348,6,0,1,10.370362652194258,Own,375859.2020904216,12,8.680082665142704,Fair,Decline
APP0119,814,70027,0.19562063255582085,Good,0.25425425493281173,7.063823573098813,5,0,3,6.492494479568888,Rent,362920.2463797411,12,8.543208874318289,Excellent,Approve
APP0120,775,91266,0.5561478323340936,Poor,0.13072048394412003,4.780240771254701,10,0,0,12.453756273930965,Own,333164.77778827795,24,13.609322558467884,Very Good,Decline
APP0121,779,92638,0.6170182206926316,Excellent,0.31768067790056137,6.902511342719995,8,2,1,1.8596055288958246,Mortgage,385457.061855747,48,6.554525277600444,Very Good,Decline
APP0122,609,94675,0.32093914063434503,Good,0.13214810914458944,23.302772861632004,10,0,3,12.422452058236203,Mortgage,291791.9958872627,12,9.72782950369173,Fair,Decline
APP0123,840,80968,0.5513828228156197,Poor,0.20036240820038634,13.33966411888344,9,1,0,5.506897002768882,Own,137787.77890698292,48,11.921998371409156,Excellent,Decline
APP0124,559,36424,0.37659163532805234,Fair,0.889235734792614,17.397062252823602,10,0,2,0.35269658104692736,Rent,457064.5407280519,24,10.150977540598877,Poor,Decline
APP0125,758,105835,0.5992448182978325,Poor,0.4274880233706258,1.6092655526044615,9,0,3,11.054115323257552,Mortgage,18924.875156669186,12,14.448814139761645,Very Good,Decline
APP0126,919,36341,0.2394506924258372,Good,0.5020910015292641,1.9985079486261221,9,0,4,11.568955117053928,Own,189615.2427370302,48,10.22732976599724,,Approve
APP0127,600,72565,0.7231505018453221,Excellent,0.792575749426633,13.928940944983468,11,0,1,8.53138009423072,Mortgage,367146.44361761,60,13.822346141641342,Fair,Decline
APP0128,643,46143,0.3011867175259058,Good,0.8962335654170847,24.683002052847083,10,2,3,1.445724651006337,Rent,219306.4601633404,12,5.9406766710449155,Fair,Decline
APP0129,709,63396,0.35745019142930706,Good,0.5453072819429793,26.671927482519393,7,0,0,17.86685905608383,Own,22168.859665207012,12,9.729033273353236,Good,Approve
APP0130,649,73219,0.14066436645624486,Poor,0.7406027478875459,3.5144904602735663,9,1,1,12.228616144557778,Mortgage,42330.64252694446,12,9.519671118799852,Fair,Decline
APP0131,544,73033,0.17805854862489348,Fair,0.327899870686174,16.61252996092966,9,1,1,2.3142659913793917,Rent,327832.3108777614,48,14.873425321681001,Poor,Decline
APP0132,706,75548,0.46110333189862973,Good,0.30988236383019746,27.483660902098844,2,0,3,10.218611531882953,Own,482783.65370859683,36,5.4540757607894825,Good,Review
APP0133,593,105342,0.2873148737095801,Fair,0.39229816284537616,12.251209877538704,11,0,2,9.94508631896943,Own,280413.18155890447,12,4.6919207803917296,Fair,Decline
APP0134,747,76338,0.6848361580195361,Poor,0.6216311732726018,25.05740911142269,9,1,0,1.2080373758585394,Own,258311.33083164683,60,10.340064931565045,Very Good,Decline
APP0135,608,58896,0.1102853720584677,Fair,0.629862935866834,4.87717397758365,5,0,2,12.13719407205895,Own,165979.35439757095,60,5.68430571998476,Fair,Decline
APP0136,854,89102,0.3653658340703554,Poor,0.3179535194520332,28.12644020036616,2,0,2,16.16652797843129,Mortgage,135778.43019437094,24,10.669864147803478,,Approve
APP0137,621,94736,0.3361418827383649,Excellent,0.1632284355161344,22.791276208407776,6,4,4,14.980161084969563,Own,20282.64106057951,36,14.66986906223461,Fair,Decline
APP0138,667,34309,0.11352934164232073,Fair,0.5875368179956822,28.29869739082015,6,0,3,4.059388283283667,Own,143747.88514383088,36,14.358071944769492,Fair,Review
APP0139,781,79935,0.18705787930035717,Fair,0.15907698286044983,20.621899773022687,6,0,5,17.245850591084228,Own,230064.11602397368,48,5.773236295727976,Very Good,Approve
APP0140,576,82529,0.38954987244304473,Excellent,0.5417186319949305,11.538714027983383,8,0,2,6.850843313187019,Own,106995.39369398558,24,5.050756178545788,Poor,Decline
APP0141,722,57560,0.4450052091132127,Fair,0.6394088088478627,28.20725400321695,7,2,4,18.930167565838826,Own,52800.51435590032,48,9.72887144595055,Good,Review
APP0142,830,99392,0.3830028230784084,Excellent,0.6455197719352839,8.991436512966176,7,1,3,1.4349592845142745,Rent,361686.6549547553,24,10.041327458677802,Excellent,Approve
APP0143,539,61248,0.47165637488846573,Good,0.6904512940606572,10.633003139790244,6,0,5,9.724173770396852,Mortgage,448363.9318433529,36,10.947000856567804,Poor,Decline
APP0144,718,68139,0.5165921724339771,Poor,0.7919305083308148,21.323444122050468,8,0,0,11.942487543550984,Rent,469018.31414667197,48,11.897891111841702,Good,Decline
APP0145,725,60673,0.10694667478948494,Excellent,0.47496514317007016,23.1941726862362,9,0,1,4.953001969492094,Mortgage,312819.3769635248,24,10.21148772806405,Good,Approve
APP0146,778,65389,0.42486661161745276,Fair,0.6707118111001354,27.952701031625462,8,0,2,15.427603774404554,Own,35859.54547364808,36,4.3410360446359535,Very Good,Approve
APP0147,576,37593,0.7744494686213119,Excellent,0.5762968250609612,6.939269862630075,7,0,2,12.537913596214342,Mortgage,373022.688681269,36,12.481895646833374,Poor,Decline
APP0148,567,28998,0.46332259609068416,Fair,0.20864394882803017,24.141943021357495,12,0,1,0.3621887457591111,Own,63946.699578324326,12,3.9542062142955117,Poor,Decline
APP0149,752,104862,0.5742795872212673,Good,0.07183619813899694,22.41783554851194,8,0,3,12.167371813924717,Own,338176.5776670337,48,3.239912234606305,Very Good,Decline
APP0150,729,43825,0.31830470054181825,Excellent,0.2918601778253937,2.8500421313543383,6,1,6,9.829564688368928,Rent,391889.25951645913,12,12.235898359342517,Good,Approve
APP0151,725,40215,0.6417939647069338,Good,0.4265786503869765,12.229471095096002,9,0,5,3.9205840340701537,Rent,365673.70830497163,36,9.58028909322811,Good,Decline
APP0152,734,11165,0.6410450373132807,Poor,0.5745400527643578,9.200198254742858,7,1,0,19.914964541190592,Rent,476423.064822954,48,11.38309702303828,Good,Decline
APP0153,631,49025,0.4649072333578973,Fair,0.7724654309277246,9.830222306266881,8,0,2,17.9432438965523,Mortgage,371691.67938902095,48,7.592967890491185,Fair,Decline
APP0154,723,31922,0.7832096762954496,Fair,0.2168088592002408,29.505459507086325,9,1,0,5.85015390058127,Mortgage,349672.79121108615,60,3.13310992229391,Good,Decline
APP0155,729,106050,0.1878851503338574,Good,0.15671732141370553,19.64054499091791,7,1,3,10.821418415972326,Rent,138254.15436972017,24,6.972184189572305,Good,Approve
APP0156,628,90245,0.1118633654227067,Poor,0.8689579553531783,21.81260857601149,7,0,1,6.330042798205815,Rent,463136.6563535918,60,10.29762279507771,Fair,Decline
APP0157,886,47796,0.6391107482299673,Excellent,0.14183787546994606,29.321911482135267,6,0,4,15.509915032721562,Own,97976.49668914177,60,5.708436845641317,,Decline
APP0158,747,121310,0.6650088761554178,Excellent,0.4567174095911108,11.938851691271521,7,0,2,18.6066286639291,Mortgage,453399.33962183195,36,11.253652003595176,Very Good,Decline
APP0159,580,89544,0.18414506038440337,Fair,0.5477291694743066,24.253364885131372,10,1,3,7.176572138287671,Own,163204.64623949607,24,12.53281211870334,Poor,Decline
APP0160,765,56879,0.2859079830710243,Good,0.5101682577713225,13.601397935830366,10,2,0,16.11168498287255,Mortgage,73780.16100005768,60,8.45120398038671,Very Good,Approve
APP0161,602,2514,0.11228665435664024,Good,0.12312733347800173,26.216476482634413,7,1,2,9.968150854264097,Rent,415074.6833628736,60,13.50865557683001,Fair,Decline
APP0162,778,122273,0.3053160275463953,Excellent,0.09847287690307646,6.2390686980277925,10,1,2,7.931571226231546,Mortgage,11222.772264406281,48,13.257798774829414,Very Good,Approve
APP0163,815,30260,0.6411993117430701,Poor,0.13966091334188033,28.48289913486411,6,0,1,18.768437041975396,Mortgage,417723.27566360706,36,13.536695433502004,Excellent,Decline
APP0164,617,23865,0.4625723693988053,Poor,0.5477495312917207,7.344379543915511,8,0,4,10.208093774380629,Own,138532.8026025282,60,10.93244439188202,Fair,Decline
APP0165,796,90564,0.3436669152178017,Excellent,0.512693154489173,10.460394702447013,7,1,1,9.348210005149298,Rent,443513.42365025444,24,6.657467996082959,Very Good,Approve
APP0166,741,125993,0.36021750643443123,Excellent,0.2486796732312326,22.929574789096634,7,0,1,13.44868803924686,Rent,348824.79929837375,12,8.775015388458865,Very Good,Approve
APP0167,782,99606,0.10094753800082772,Good,0.5921080205687528,12.418899105396795,8,1,1,5.224684020365689,Rent,336429.83309678914,12,11.526127794373096,Very Good,Approve
APP0168,889,79097,0.30986036929566513,Poor,0.747057376747302,18.638129926226952,9,0,3,6.495857415766315,Own,189006.58595077327,36,5.526763839150873,,Approve
APP0169,675,79868,0.5525211191465514,Excellent,0.0853421158696047,13.892631531013427,9,0,2,18.640916724772453,Own,39107.45720647778,12,11.866122111054317,Good,Decline
APP0170,624,86335,0.7819361106714501,Excellent,0.47341045201583604,22.528728175603675,10,1,0,13.570596908738848,Own,416735.81812073285,48,9.577063405116483,Fair,Decline
APP0171,611,83973,0.6929425788887297,Fair,0.6359138502872868,7.6216063186897145,7,1,6,16.53274295542011,Mortgage,93742.85963649872,48,4.15220928340276,Fair,Decline
APP0172,618,72029,0.1165164752518704,Excellent,0.264465138009234,2.695281629869433,4,0,2,5.422235238708593,Mortgage,192406.73452842858,24,9.687435924002006,Fair,Decline
APP0173,692,67605,0.7289924232723876,Excellent,0.3116052694991767,9.697952526718922,6,0,1,10.875803798597442,Own,304173.7958994501,36,3.8013136585497995,Good,Decline
APP0174,734,63435,0.6482388893090382,Poor,0.5715922175409762,14.754951281184479,7,1,1,19.427925339789965,Own,246304.33189470464,36,3.1716874205594645,Good,Decline
APP0175,727,46150,0.6462632864996863,Good,0.8132449994271763,5.872581513587678,6,4,4,6.374077980564352,Rent,107343.71123394584,12,13.675532038887415,Good,Decline
APP0176,782,57983,0.4205970313025001,Poor,0.7384357572574645,11.289121400035272,10,0,4,3.2095295263408374,Mortgage,78902.01487231912,60,8.878993339253936,Very Good,Approve
APP0177,701,22676,0.378603705068152,Good,0.545660686234646,12.599507530513486,7,1,2,10.21772016449328,Mortgage,70390.6734026424,60,9.519475860483897,Good,Approve
APP0178,845,62541,0.3120410101832349,Fair,0.6706884600936618,2.6643634669599328,15,3,5,7.7564217744975235,Rent,432873.86193460843,60,6.359253259563203,Excellent,Approve
APP0179,673,40285,0.14598640126805607,Excellent,0.3600990996766289,17.915910197341933,5,1,1,3.191544655734271,Rent,25464.179040053477,24,9.512936633489922,Good,Review
APP0180,972,37410,0.2597647544455894,Fair,0.5948206988839441,26.645959411167336,5,1,0,17.77102765406736,Rent,488736.9872039482,36,5.026424305796793,,Approve
APP0181,762,69497,0.27262254448461726,Good,0.44625435245842343,5.400544475638521,6,2,4,19.814478211075556,Own,107279.0582888529,12,11.9477495686143,Very Good,Approve
APP0182,614,99800,0.4388539487971411,Poor,0.21144571598892678,18.336432388643907,8,1,7,11.371643613799955,Own,64057.92547074828,24,12.880189924846627,Fair,Decline
APP0183,592,87957,0.6232110846176858,Poor,0.6464775327956686,20.277436942414543,13,1,3,15.49353536746908,Own,292716.1108406296,48,13.270509359031124,Fair,Decline
APP0184,748,25737,0.43166687987856267,Fair,0.5229949417464987,13.160705732159363,8,0,2,17.18076739092599,Own,49193.11939094135,48,4.279832609135161,Very Good,Review
APP0185,677,40259,0.14049111461301245,Good,0.3548283446605527,21.33183003356383,6,0,1,14.019640120436538,Own,305202.09895016154,48,9.693052804137514,Good,Review
APP0186,771,88519,0.7704528606917428,Fair,0.8246383115668361,12.91121476123935,13,1,2,0.8831209822346242,Mortgage,426807.05595867045,36,12.705011638128394,Very Good,Decline
APP0187,747,40437,0.7599070233658787,Fair,0.06779400015272329,15.634481351345611,5,0,1,3.1526846343363557,Mortgage,33470.03051903817,48,4.538597858548659,Very Good,Decline
APP0188,692,59384,0.649632680203886,Excellent,0.3184071785620716,1.2132382920783824,7,2,1,1.4197838230277293,Mortgage,401935.61621898663,60,4.19426889808892,Good,Decline
APP0189,615,78751,0.7939295310949545,Fair,0.09834918811099957,21.059883309905974,6,2,3,0.1975921328411312,Rent,203293.94608123816,48,12.803303984040252,Fair,Decline
APP0190,548,40791,0.4811376329601841,Excellent,0.7015482187883831,20.17893768939701,6,0,3,6.1199281751447305,Mortgage,88150.41057729289,24,12.560832466694672,Poor,Decline
APP0191,655,67634,0.7739378451772443,Excellent,0.6467913359967237,2.1136254424639924,7,0,6,7.847119209631195,Rent,96287.27533105493,48,8.384317643561616,Fair,Decline
APP0192,785,31649,0.15292352843172555,Poor,0.33164938592586946,11.67925311445886,8,1,3,4.820594646718515,Mortgage,460194.62641017087,60,4.316534026320777,Very Good,Approve
APP0193,721,49965,0.35597652378295996,Excellent,0.6243134668760121,29.391923382958353,6,0,1,1.2920929617264187,Own,64196.81845092559,48,9.19347788780342,Good,Approve
APP0194,575,72994,0.2577668876047361,Excellent,0.3865466422665574,13.201360314489888,9,1,4,10.597261816733551,Mortgage,434723.56568667194,12,7.737638400055994,Poor,Decline
APP0195,717,25175,0.23708315889398904,Poor,0.6928157227090691,15.556416748823409,7,1,3,5.4663863991428325,Own,276679.8642819711,60,9.222569172528152,Good,Approve
APP0196,738,76011,0.19856206422487327,Fair,0.43605611332620015,27.387974586631838,6,0,2,15.920743097271245,Own,29137.52762005515,36,8.27874242430699,Good,Approve
APP0197,611,64509,0.5356895490961977,Good,0.4004377686569157,21.800594400106935,6,1,7,0.16105243250562395,Mortgage,237593.31140149577,48,9.82217296069067,Fair,Decline
APP0198,715,78812,0.6469252990231136,Good,0.8445204281650558,17.880033802602483,6,0,1,16.850541025752207,Mortgage,410550.2620933873,24,11.725556622159527,Good,Decline
APP0199,705,70597,0.5048088795942525,Good,0.2632472349070952,24.136335758891104,5,1,0,19.09507357891914,Own,365839.3659431592,48,12.298318843810303,Good,Decline
APP0200,585,99103,0.2028738967117468,Fair,0.1523802389970806,26.066621727223225,7,1,1,14.32270126307139,Rent,249503.38466551175,24,10.787786378854129,Fair,Decline
APP0201,735,68130,0.6677866389534297,Excellent,0.5468616462705395,14.24975408038074,4,0,2,14.67288130525133,Rent,431424.44105114636,12,5.387287380556712,Good,Decline
APP0202,756,54264,0.54516829501461,Good,0.8739235404415521,14.778142583023227,12,1,5,18.671246232054663,Mortgage,68978.73327231256,36,7.76547630726143,Very Good,Decline
APP0203,808,68057,0.3717159942888969,Fair,0.37116333166810866,12.195477133903237,6,1,1,4.181425706006983,Own,455871.11616226076,60,3.8546883448286597,Excellent,Approve
APP0204,805,78582,0.5718912068752441,Excellent,0.1027312490844643,29.034478060535356,10,1,2,19.891311364171532,Rent,424756.19215684093,60,8.420084736902059,Excellent,Decline
APP0205,562,66221,0.28193348546998304,Poor,0.3384094772131323,21.21782137442016,4,0,1,15.469624067570837,Mortgage,357055.64457204565,36,14.644072952698213,Poor,Decline
APP0206,606,66014,0.3416345459459474,Good,0.4800419061716247,3.4134689200340964,8,0,2,14.531414166555873,Mortgage,410764.99364308716,12,10.700768491092129,Fair,Decline
APP0207,751,47450,0.7422400901923932,Excellent,0.18763455563738166,26.025829076077535,2,0,1,7.221811579905855,Own,276469.59835290635,12,4.855350175961963,Very Good,Decline
APP0208,751,48427,0.3033531539699943,Good,0.6093868853480182,14.936238284251774,6,1,0,10.915549708112211,Rent,340829.59025785676,48,6.222931917305191,Very Good,Approve
APP0209,751,29934,0.4289917877105556,Good,0.8980869806586705,2.9938632862521364,9,0,1,13.07835576546694,Mortgage,284693.0546468117,12,3.7748837556305617,Very Good,Approve
APP0210,1085,108739,0.7230987961772103,Good,0.43397855458422724,16.94180039973602,6,0,4,12.406857226344318,Rent,184159.97994889517,48,5.188966681823592,,Decline
APP0211,757,33903,0.5954049451872693,Excellent,0.3515192732206807,13.09776409029536,10,1,0,14.099692769551615,Mortgage,288741.790706977,24,8.854099721733334,Very Good,Decline
APP0212,813,47677,0.14354225831529194,Fair,0.39059854180929665,26.454732741016123,6,0,2,1.6476347815682124,Mortgage,136158.0129406436,36,7.138276577143593,Excellent,Approve
APP0213,795,47039,0.20311213099527925,Excellent,0.14787425163592097,6.9158435046722335,8,0,3,7.112968656633935,Rent,225736.7937119848,24,5.447547807705201,Very Good,Approve
APP0214,765,87373,0.10548911354034178,Good,0.8007825612122902,24.967473675273304,3,0,1,8.680000331909543,Rent,147579.94955751917,24,4.759180962754273,Very Good,Approve
APP0215,668,57626,0.5416452531604145,Excellent,0.4026018071931492,17.172972044378128,5,1,2,5.212585957499329,Own,70215.01683608061,24,10.872853403726472,Fair,Decline
APP0216,775,96193,0.41337139778729287,Poor,0.3791832497111151,2.583698793190602,11,0,3,3.452545405384475,Own,167712.30963105403,24,9.697228522474214,Very Good,Approve
APP0217,622,48162,0.1939923956315929,Fair,0.6107367319909032,29.183513738439053,9,1,4,2.778549598257256,Own,427473.7369105376,60,13.111683746578414,Fair,Decline
APP0218,676,71974,0.7705538847397394,Excellent,0.425728407791455,15.865842078992797,7,0,3,7.327667845131702,Own,196729.57761472982,12,5.199034628733042,Good,Decline
APP0219,651,44116,0.47076180676193397,Poor,0.6009984484866692,9.435428772715893,8,1,5,9.868834011251318,Rent,376521.7879947458,36,13.175825519138954,Fair,Review
APP0220,708,118628,0.2693253058790224,Fair,0.10222934661116938,14.612798417688484,4,1,1,1.2595288029332141,Own,95846.94857669901,36,9.934934070718274,Good,Approve
APP0221,931,35310,0.45042249980829535,Poor,0.7416648421638933,25.87787572200718,12,0,2,18.929161891810992,Rent,217965.3879921444,24,6.194678327756588,,Review
APP0222,513,72745,0.5757342329145755,Fair,0.8494283599474922,9.842190607166842,11,1,2,15.304866457215168,Mortgage,66279.47397423652,36,6.2826376868221345,Poor,Decline
APP0223,768,80844,0.15336745258149515,Excellent,0.6014505782354781,6.587615498114309,6,0,2,14.617035463709332,Rent,77924.32105006995,48,7.684564681726229,Very Good,Approve
APP0224,538,75344,0.2922926705335244,Poor,0.8613810395299891,4.743066160995562,9,0,3,3.457210499774539,Own,312543.8261461339,36,8.52152660000153,Poor,Decline
APP0225,652,60367,0.6648758436187956,Good,0.1787174672144688,9.637922553316127,14,1,2,12.07601536024378,Rent,307666.09055001545,24,3.990061016842592,Fair,Decline
APP0226,808,61754,0.4217654092818629,Poor,0.4558037610583006,23.62139452416126,8,1,2,10.594498936173348,Rent,114552.23460388249,36,13.103989987995934,Excellent,Approve
APP0227,706,66095,0.48260399942260646,Fair,0.5615357238536302,14.677164590662588,8,0,5,19.649376915733875,Rent,242467.36520151133,12,4.458492831890329,Good,Review
APP0228,592,61324,0.4029712015466285,Excellent,0.5444761503080087,7.5969665071126595,6,0,2,14.953435401603159,Rent,433020.0218191945,24,8.80151811635858,Fair,Decline
APP0229,628,89096,0.1307299598501036,Fair,0.39124251222568673,5.819364988682727,8,0,2,11.515237674324624,Rent,95358.73925147661,60,7.595618798291062,Fair,Decline
APP0230,767,120263,0.21602484587410917,Poor,0.3373717479613222,10.649154818800994,6,1,3,17.016253329402446,Own,19413.16120602227,12,9.147445011743313,Very Good,Approve
APP0231,626,51062,0.41187914711932366,Poor,0.15780041916785598,28.257806813685555,11,0,1,3.1018854172141896,Rent,329477.6189251504,36,13.649790204818064,Fair,Decline
APP0232,721,30754,0.2464298257855495,Good,0.3829810829779364,10.947774665110707,5,0,3,0.30433059381954397,Own,36214.12196345565,60,14.869060078273275,Good,Approve
APP0233,704,62792,0.13498532006177513,Excellent,0.18826169283966238,29.655598202684427,12,1,1,13.804666668290464,Mortgage,490170.7169004985,12,3.2432564721931003,Good,Approve
APP0234,634,129492,0.6905547648362766,Excellent,0.6742108250183856,15.071683217195329,9,1,2,1.9662292047447494,Rent,308713.9390614517,48,7.71887318070233,Fair,Decline
APP0235,914,44908,0.7868347704148811,Poor,0.22750629517040147,6.195753630414376,11,0,2,2.308672799670184,Mortgage,240494.2128935464,12,12.811326371006922,,Decline
APP0236,763,105977,0.6552000117977177,Excellent,0.09978050949185378,26.84306266201177,6,1,2,14.89361452849061,Own,220696.34461191032,60,6.919234563143725,Very Good,Decline
APP0237,497,106942,0.697649445193267,Good,0.5195112171446492,14.35030582090998,9,0,2,5.410696882679781,Rent,290804.62267329637,48,10.78843411102226,Poor,Decline
APP0238,718,51160,0.2693839912219318,Fair,0.5559452728114913,21.580468961631208,9,2,5,12.572624311377858,Mortgage,54405.97399290531,36,14.907110445197526,Good,Approve
APP0239,633,79224,0.7724388828592399,Excellent,0.7911261020884297,29.5276359130654,9,0,3,18.34813852185497,Own,465709.3388215529,24,10.761255465791326,Fair,Decline
APP0240,785,105709,0.23784799311739988,Poor,0.5404343705550296,2.455085159279246,9,0,0,6.3294906327571665,Mortgage,316564.6135904201,36,4.334296531479227,Very Good,Approve
APP0241,620,55521,0.7660008672532826,Fair,0.3436587256649289,3.804142233839447,7,0,1,4.342883156798376,Rent,100149.4638293453,24,13.115183483447828,Fair,Decline
APP0242,688,59910,0.7963735057761658,Fair,0.7325600992973724,21.89324550241993,5,1,1,2.1312576748210343,Rent,285664.71634468477,24,14.599889247510355,Good,Decline
APP0243,750,50457,0.5982059640222341,Good,0.5092370592093078,9.172925095568688,2,1,0,2.6092472283945223,Rent,75295.6878581757,60,11.550101055586412,Very Good,Decline
APP0244,786,39631,0.7868006122542754,Poor,0.11738824193651298,6.344740511552873,9,2,2,1.2444539075768546,Own,18600.831603572937,48,8.028817198116844,Very Good,Decline
APP0245,579,48768,0.4986778456969726,Excellent,0.5309729762662596,2.1414945147721554,6,0,4,1.7528475765948026,Mortgage,318953.32275485905,48,14.380802104145094,Poor,Decline
APP0246,666,34401,0.28167924822326323,Poor,0.821815763608413,1.6335546475998524,7,1,3,8.640091776183079,Own,327756.8375163626,12,14.62286418059038,Fair,Review
APP0247,652,65852,0.40589711996593464,Fair,0.3868657316734875,23.460082490473937,4,1,0,6.417300900479395,Mortgage,296011.3255736736,36,14.22140092198989,Fair,Review
APP0248,634,45750,0.5154926547651503,Poor,0.30187693161483004,4.89856939371695,9,0,1,14.13121628645996,Own,99906.7701364113,60,7.941828027720968,Fair,Decline
APP0249,876,70844,0.1511570934189105,Excellent,0.17194903846531703,14.563897863163376,8,1,3,17.404833164940037,Rent,305680.63066243584,36,12.476492087626163,,Approve
APP0250,740,26102,0.5356402852320723,Excellent,0.17872869364505373,18.571007640205007,10,1,3,15.695464062847686,Mortgage,37690.361053014705,12,10.85015230840872,Good,Decline
APP0251,573,73272,0.7868244857336062,Good,0.41785576169054606,13.422202216496542,9,1,2,10.612745133313044,Mortgage,308526.7942302419,12,5.156479990627042,Poor,Decline
APP0252,791,85838,0.23307535484860936,Excellent,0.5563278505373,1.78609291775076,9,0,1,2.0488423246530685,Mortgage,281468.33936273324,60,9.426178820125848,Very Good,Approve
APP0253,912,15156,0.6548165814018684,Excellent,0.11852309439416149,23.721543575049356,2,0,1,14.195345678831071,Own,331074.8671111588,12,11.972292109543643,,Decline
APP0254,803,74351,0.7355291556457336,Poor,0.8486333006713909,1.3048835117079511,6,1,0,7.256574494537471,Rent,448783.04681867297,60,13.750947311583714,Excellent,Decline
APP0255,548,95691,0.7605911149741547,Poor,0.6918635748284165,23.094806936947037,7,1,3,1.7130078783082037,Mortgage,426675.4715673729,12,13.351180444878642,Poor,Decline
APP0256,651,34758,0.7720949230838131,Fair,0.5486303305411132,26.905830319855557,7,1,2,16.849328144252514,Own,490520.553865644,48,4.855902002225785,Fair,Decline
APP0257,826,106814,0.4650217471050304,Good,0.7541728702981422,13.552357710657997,9,0,2,6.764330343650111,Mortgage,488358.10613892175,60,8.856398957822531,Excellent,Review
APP0258,629,75475,0.7841155355940527,Poor,0.1181587432902963,16.530731719836147,6,0,3,4.3649766502314264,Rent,388436.6497531388,48,8.73922355352942,Fair,Decline
APP0259,744,47374,0.6301171449941073,Excellent,0.4553130460731557,14.832518385911959,6,0,1,17.429041292376862,Mortgage,478645.61486708676,48,13.784844742775068,Very Good,Decline
APP0260,777,63605,0.21317000536587336,Fair,0.5855791578324139,12.287049940079726,10,0,1,18.042677368940097,Rent,434969.10408566485,60,3.023247709642402,Very Good,Approve
APP0261,607,78958,0.43383007452757905,Poor,0.7543549702005459,26.735311525740446,10,0,3,6.779416743831197,Own,366515.40044853673,36,11.864562451523131,Fair,Decline
APP0262,694,66900,0.6028318227604028,Good,0.7159491260418775,26.924071809429723,12,1,3,7.096028385627468,Own,46938.28477544005,24,10.423698198555183,Good,Decline
APP0263,375,78468,0.27313822107335833,Good,0.28550886225638966,10.7386745746045,8,2,3,11.592570551662881,Rent,34034.44525224501,12,14.058857678118795,Poor,Decline
APP0264,597,41983,0.5484306284842212,Fair,0.8497481441253236,18.837022866426242,5,1,1,14.668829876213163,Rent,420423.7880778274,12,8.483008203980855,Fair,Decline
APP0265,674,69234,0.5666203353326336,Fair,0.1556939652162398,27.88031930223006,8,1,0,1.2629840381372692,Own,249931.37035713217,36,10.892066998506008,Good,Decline
APP0266,575,29657,0.21388982066599613,Fair,0.7938635758279793,28.899696469299194,8,1,3,11.866873143769434,Rent,409157.27534371126,24,14.672964365058508,Poor,Decline
APP0267,863,62219,0.49555971871692944,Fair,0.8752992121639257,15.759812172239378,8,0,2,19.056401235671633,Rent,163329.95262105748,36,11.926845154990906,,Review
APP0268,556,42402,0.6401388376850254,Fair,0.20058049473923173,14.131919353245477,14,1,2,5.241877943599073,Mortgage,204848.43057827628,24,3.8086076895572085,Poor,Decline
APP0269,655,46611,0.44922696517515937,Excellent,0.6637561545732175,9.082135161927248,2,0,3,18.176544281938675,Own,353091.4932958466,60,5.010402611672094,Fair,Review
APP0270,713,95902,0.1084721817432752,Excellent,0.0842426909612987,28.80728432252189,7,1,2,19.003366815261874,Own,458510.1010967257,60,12.857413235516976,Good,Approve
APP0271,844,92282,0.10632692835550453,Poor,0.3946094013682817,5.141614829713154,7,1,6,5.383072819421795,Rent,53003.12249465411,48,7.017546491683907,Excellent,Approve
APP0272,556,80228,0.3499205407790086,Good,0.4888408043180229,17.815057705384024,5,1,1,15.084037317707011,Rent,432124.2908709571,48,11.471017327179299,Poor,Decline
APP0273,816,37692,0.7483358479022475,Excellent,0.543548442023189,9.193957758040527,7,0,3,4.7755001663912005,Rent,398576.235190889,60,11.397884800125937,Excellent,Decline
APP0274,701,57089,0.2600737457225262,Excellent,0.8455466610112755,9.091240420086102,8,0,3,14.752223234642655,Own,164614.24265762878,48,14.92440628065846,Good,Approve
APP0275,601,95327,0.5440545822101811,Excellent,0.6214130842000655,12.744089033909466,8,0,1,15.948399425776518,Mortgage,184056.14092446418,60,8.63847268363609,Fair,Decline
APP0276,746,68542,0.2554531094853244,Poor,0.45908625853635143,29.964995138653983,12,0,1,4.9441140742129885,Own,32766.12383873572,36,11.853988326071079,Very Good,Approve
APP0277,719,122983,0.32516899276168404,Fair,0.7382237808260059,2.59402289835484,4,0,1,14.3173908716647,Mortgage,17712.899447191812,12,3.585034527433228,Good,Approve
APP0278,639,74832,0.6936294627210389,Poor,0.8579528978112476,17.77771272790241,6,0,1,16.242090777281796,Rent,243733.00191528726,60,8.551092248317062,Fair,Decline
APP0279,706,69801,0.6102030095889629,Good,0.06875622637994722,3.394592583023038,8,0,3,7.171577442138235,Own,56814.42629368216,60,5.240178537805571,Good,Decline
APP0280,661,57272,0.16677949411924745,Good,0.8851430814176329,5.48110406972505,9,0,2,3.3540555197945388,Mortgage,105060.88906345438,60,13.086858620558122,Fair,Review
APP0281,711,68338,0.4000914146905036,Good,0.12321231820412828,13.74732531141406,6,0,2,1.8392913463502714,Own,424915.9277680651,48,13.078899984192851,Good,Approve
APP0282,766,61188,0.12041883455168513,Good,0.7422287623784471,15.803343809046797,11,0,0,11.507634072198838,Mortgage,289803.9117127217,48,5.836373048468344,Very Good,Approve
APP0283,858,82702,0.43662310262210635,Excellent,0.2882845396687006,8.504979842571196,6,1,1,19.561962386314264,Mortgage,320479.89426039555,48,6.819421837397618,,Review
APP0284,576,88917,0.5637038081907477,Excellent,0.162352709090791,10.177256795358069,9,0,5,16.459006400444324,Own,101864.87210764081,48,11.429733413524225,Poor,Decline
APP0285,913,45350,0.1829518365187061,Poor,0.42387729375675964,3.5220435874220586,12,0,0,8.716792778691056,Rent,416044.2841826656,36,11.859191080947205,,Approve
APP0286,504,31719,0.30221945723641597,Fair,0.5973630925304715,9.793373731483266,7,1,2,10.73241805709917,Own,435310.0884954763,60,10.891579225372485,Poor,Decline
APP0287,684,19094,0.3784856378515099,Good,0.37380906826995375,29.03019474203578,14,1,5,5.590557708236378,Rent,266430.52091939125,36,14.960335650313935,Good,Review
APP0288,758,77699,0.7436717172592349,Poor,0.09638059704029411,28.39651406850197,6,0,1,3.2613173472012713,Mortgage,457153.3082205433,48,13.424198543821344,Very Good,Decline
APP0289,728,37415,0.7952785107960749,Excellent,0.5595419687099091,10.711470413972565,9,1,1,9.641623164645466,Mortgage,423966.026227745,36,8.00470656903027,Good,Decline
APP0290,637,11177,0.1314379092969311,Excellent,0.8170427846940735,17.554764152084086,8,0,2,9.270031323343703,Own,368348.8465704746,60,6.923720658502603,Fair,Decline
APP0291,679,74714,0.6327055464467745,Fair,0.3757330610551639,27.378266342217387,10,1,1,10.438599056075205,Own,369697.19868987805,60,10.162196975952966,Good,Decline
APP0292,650,127324,0.3602068464816403,Fair,0.23388286098620298,1.1793308565860037,9,1,0,19.056091711278814,Rent,61642.802235923016,48,12.811636030002045,Fair,Review
APP0293,641,64848,0.3747207303606361,Fair,0.4261907440428931,24.509823539790165,5,2,3,12.077906002895444,Rent,142709.65847087622,60,8.704121684838634,Fair,Decline
APP0294,784,85962,0.627985481342916,Poor,0.09110830439146374,28.50271703087865,7,1,0,12.115436732447476,Own,42755.13771066126,36,11.852311281979674,Very Good,Decline
APP0295,735,67045,0.7428985025017861,Excellent,0.7474144468082335,3.6484462956731547,10,0,1,2.5604952572215356,Rent,14253.792520891244,24,3.2299204740725087,Good,Decline
APP0296,630,62527,0.765650016151784,Excellent,0.7523896893076587,5.68198289495471,6,0,2,19.92977732353641,Rent,87571.67037811596,60,14.11008129957725,Fair,Decline
APP0297,789,87976,0.5039858102268245,Fair,0.5498003939151841,28.86164278036931,7,0,2,15.45689888469337,Own,441438.7194970006,36,12.28601673018543,Very Good,Decline
APP0298,730,57743,0.349984811510352,Good,0.35013745559763104,16.588664165570044,8,1,0,17.544066881880095,Own,127538.28892766524,36,7.7302810411695955,Good,Approve
APP0299,781,71684,0.6512843601011455,Fair,0.7298158597789158,1.4117023996799873,6,1,3,8.286008236619882,Mortgage,485375.4416699436,36,7.608147906231505,Very Good,Decline
APP0300,762,73042,0.2757009682836102,Poor,0.5214839710701121,8.471327964142345,5,0,2,10.042561915712497,Mortgage,302672.589784991,60,4.2346416929820645,Very Good,Approve
APP0301,617,48297,0.49485182018346247,Fair,0.7520424622675138,14.048366553796928,7,0,0,10.44167618324553,Own,126256.65894099828,24,12.79384468659034,Fair,Decline
APP0302,643,89801,0.35100492306741127,Fair,0.5867399736955675,21.09435841971826,4,1,3,3.8818907857921037,Mortgage,253594.09370726426,48,12.223554111086212,Fair,Decline
APP0303,774,60626,0.5596417515955133,Poor,0.7167446522308777,22.26165096596719,12,1,3,13.789783126539144,Rent,117356.46312305653,48,10.562996490427395,Very Good,Decline
APP0304,761,46106,0.26827923902545486,Fair,0.558778544235096,29.867223874838228,12,1,2,18.05953447234913,Own,492147.0435093632,60,4.217477665728414,Very Good,Approve
APP0305,697,78412,0.23411506201437807,Excellent,0.40201990798331627,9.337824782129012,9,0,4,3.27411636276838,Mortgage,425159.8421134323,60,6.148096387644849,Good,Review
APP0306,711,42538,0.742767360672806,Good,0.864253980937217,16.60838295418578,7,1,1,1.72636546972329,Own,22857.00650334126,12,8.50697367917542,Good,Decline
APP0307,827,65704,0.17126257806467585,Fair,0.509946751147018,16.466382887928546,5,0,2,14.764378110806843,Mortgage,474410.2554190609,24,6.191663325170712,Excellent,Approve
APP0308,640,64772,0.4541705354144522,Poor,0.5643260907594576,12.763712523969888,5,0,3,5.464036633459641,Own,363321.90257841477,36,8.207687077834844,Fair,Decline
APP0309,754,92147,0.25459694807410627,Good,0.23741449350253685,5.905694921430186,7,0,2,12.477250832346588,Rent,50366.81349042638,36,5.711490487651828,Very Good,Approve
APP0310,679,76867,0.12725097432796723,Poor,0.581803171013185,29.346240332331433,6,0,4,13.915166759843613,Mortgage,338612.49569995835,48,7.195206045672201,Good,Review
APP0311,678,64374,0.1252131728039985,Good,0.5358665020605022,25.746198413330998,7,1,1,6.438215271636436,Own,326994.0820031859,60,10.827562603159532,Good,Review
APP0312,809,85444,0.22265524047407917,Good,0.2071126382549712,15.451657820532878,9,0,1,16.302891948515686,Rent,117206.4854457159,24,13.708332969356341,Excellent,Approve
APP0313,782,99755,0.7067392481542002,Fair,0.10064903275017216,18.494117257836866,8,0,5,10.999779642284338,Mortgage,381638.88300371205,48,7.620368174793903,Very Good,Decline
APP0314,781,78945,0.29773512078391867,Excellent,0.5637054217575554,7.590570553230207,6,2,3,17.379988159036056,Mortgage,52661.704623353886,24,11.30289877392909,Very Good,Approve
APP0315,830,65258,0.765321419402707,Fair,0.6991384289477725,16.76982504136066,9,0,2,15.26587105117895,Own,249828.13880331142,60,4.617517036590243,Excellent,Decline
APP0316,702,32204,0.5071356050924355,Poor,0.49489116528370697,21.154133860522798,8,2,5,17.371512640749074,Rent,14862.371509913082,36,9.489815734269138,Good,Decline
APP0317,768,38372,0.4056299328381363,Poor,0.24275673152169885,15.939843823211074,5,1,4,0.4032276423578818,Own,484681.36955842574,12,14.060450706654162,Very Good,Approve
APP0318,668,57369,0.5060621842686183,Good,0.6165436801890797,29.718269946963296,9,0,4,4.870125214771894,Mortgage,378266.17957068555,24,3.335229653488601,Fair,Decline
APP0319,732,49762,0.46168886965838746,Good,0.11808986761816191,18.72890803118406,6,0,5,1.8001588089187726,Own,87837.51731823145,36,6.210688340721703,Good,Review
APP0320,686,60325,0.6311433776301276,Excellent,0.4255586490816614,11.758237665172903,8,0,3,8.841660343786984,Own,177420.27957612867,24,4.589922404161731,Good,Decline
APP0321,709,66416,0.2977472461809966,Fair,0.18886174463865715,23.392408800859304,6,2,3,17.799202432306366,Rent,88675.56512600638,24,9.397457753956978,Good,Approve
APP0322,759,78242,0.3471352741202117,Poor,0.20679019340090085,5.943412835867619,7,0,1,9.350805245337384,Rent,385642.5574233642,24,11.155709568855904,Very Good,Approve
APP0323,618,63237,0.7258660117732756,Good,0.2219498567844731,12.15095859748173,8,0,5,16.994260891607883,Mortgage,38859.199459580435,60,3.693350304757312,Fair,Decline
APP0324,909,77162,0.7625195592052839,Excellent,0.3787009984873812,11.061809560949989,5,0,8,6.543564760386358,Rent,421799.26122621994,48,3.8434130476866155,,Decline
APP0325,599,66611,0.7247907592405323,Poor,0.09347767477733798,13.52240575812554,8,0,0,6.791401456105048,Own,471676.2060295076,24,13.435550312986864,Fair,Decline
APP0326,578,15613,0.39361359577011956,Good,0.38812442478973347,23.671614951933062,5,0,2,17.91123460653755,Mortgage,341547.6919750869,60,8.4747977828101,Poor,Decline
APP0327,815,41516,0.6462558521048173,Poor,0.4849513300474957,15.041017932738816,9,1,0,8.516342930234032,Rent,114353.07050070276,12,8.555419195663774,Excellent,Decline
APP0328,779,61397,0.43343501331076917,Excellent,0.46080014222137644,24.026419057712918,11,1,0,15.795309755893328,Own,186444.1469486399,48,14.334964739497401,Very Good,Review
APP0329,762,34757,0.44827789650227157,Excellent,0.3753664853425845,17.71817819105611,8,1,2,4.732870957638027,Own,243847.53865637633,60,6.842515323179182,Very Good,Review
APP0330,762,79998,0.2432760763400988,Poor,0.7632746168601396,10.920013605069105,6,0,0,18.97601659355271,Mortgage,306266.1383791043,12,13.764283764393484,Very Good,Approve
APP0331,698,103268,0.5137912122809616,Fair,0.1735276885574285,24.489383566820702,11,1,2,11.491564930611421,Mortgage,337644.9140077268,48,14.691056934915164,Good,Decline
APP0332,610,95469,0.23029512842734357,Poor,0.4798422322141679,7.910400446039656,7,0,2,15.186471371568038,Rent,281565.21050625254,60,5.900330371805164,Fair,Decline
APP0333,707,59663,0.33209528934703564,Good,0.10273520441307116,7.5071064141940695,10,0,3,1.79031399589771,Rent,182143.8212027093,12,9.168466190550514,Good,Approve
APP0334,632,102268,0.6985211411339547,Fair,0.11048232704622328,15.630584797590238,8,0,1,9.853284516610575,Rent,446549.46747680247,60,9.4122738348031,Fair,Decline
APP0335,797,68716,0.24495306644759868,Good,0.5377859722255318,8.564628132900578,9,1,1,18.020769954680464,Rent,49882.10842879953,12,13.394017341504767,Very Good,Approve
APP0336,685,56572,0.14981079962140298,Poor,0.5311156611546478,1.2635240135852732,7,0,0,17.54077258086609,Mortgage,238465.46657931258,24,6.646897636581858,Good,Review
APP0337,617,49664,0.1483053148289714,Fair,0.7963284859177884,19.800628291665245,7,0,4,0.9362791446845509,Own,390026.77084906556,24,12.576509320240977,Fair,Decline
APP0338,667,57438,0.7585491643521756,Good,0.5241926243110622,15.821720822699543,12,1,1,6.073969382578934,Own,39827.60599278644,48,14.65208869533614,Fair,Decline
APP0339,741,55295,0.4548443065732843,Poor,0.8658223673441227,13.920016620301675,3,1,1,8.866400129581603,Rent,355614.2562375376,12,13.084039832931591,Very Good,Review
APP0340,643,69260,0.38658845027191285,Poor,0.0913906211399403,29.042086923931144,6,0,2,3.4452962871157644,Mortgage,411658.69514912926,24,13.90968340148061,Fair,Decline
APP0341,617,69014,0.667615006705543,Fair,0.1333065320636299,17.564776334924495,9,0,0,14.599966219799407,Rent,333807.3362782556,48,11.500253269715635,Fair,Decline
APP0342,724,65076,0.6850781495373612,Poor,0.08745598233482418,26.03951575589215,8,0,2,3.6902399119742313,Rent,16339.077214924437,36,13.847469123326084,Good,Decline
APP0343,724,75923,0.3325337231809232,Excellent,0.207485322783509,5.044056849949645,8,0,2,6.9327938873977235,Mortgage,98267.14329478107,24,4.978207624227928,Good,Approve
APP0344,649,94766,0.5855326402316567,Good,0.5100795943004264,17.5069874307534,7,1,2,13.265612737156365,Own,177635.40865705587,24,11.548336980499512,Fair,Decline
APP0345,652,88738,0.6397859710963206,Good,0.5987363542133138,26.171409175196185,9,1,0,9.641786890489598,Own,124508.11746264249,60,11.782528259657713,Fair,Decline
APP0346,723,27877,0.5582554808061682,Poor,0.08874738425636848,17.910066961117042,11,0,4,14.771420772697876,Rent,481699.5487114394,36,8.270171357993048,Good,Decline
APP0347,555,1151,0.20611655236006957,Poor,0.8540752563687594,21.822411165683043,8,0,5,19.224158024457193,Mortgage,329281.0179157589,12,3.9568616082949455,Poor,Decline
APP0348,559,88357,0.7131181584619399,Excellent,0.7658405701528239,11.789263466554013,7,1,2,2.33093375430395,Own,155515.76910226946,48,10.469324955129927,Poor,Decline
APP0349,628,30828,0.47736618691520616,Fair,0.3021206098335292,3.6810359940749318,8,0,1,14.191354327961218,Own,465551.7743460683,36,3.622569678845768,Fair,Decline
APP0350,678,59380,0.29773069845900263,Poor,0.11560940069249777,14.27910855868507,15,0,1,4.60688311264229,Mortgage,372891.15774333157,12,7.588829953878594,Good,Review
APP0351,731,35747,0.39765972980638575,Poor,0.1944040122361987,12.439902334326868,14,0,2,8.289534548151385,Mortgage,149457.53379525055,24,7.72404274770902,Good,Approve
APP0352,847,19950,0.12629976327923517,Poor,0.15790275169172677,26.144745288989473,10,0,1,0.6572545159027965,Own,195651.96900695813,48,14.987070101559993,Excellent,Approve
APP0353,785,78536,0.18950676085569232,Poor,0.15479121240410482,8.075863768221694,6,4,2,2.718147645853979,Rent,107720.1405689388,48,6.597624404749326,Very Good,Approve
APP0354,684,83978,0.6358827253611027,Good,0.4907774353658738,29.035292598518133,13,0,3,6.395545780977994,Rent,485826.25915025274,36,12.845447255084263,Good,Decline
APP0355,698,50587,0.10000814432875631,Poor,0.25897032611939025,28.786005474330388,4,0,2,6.839716105759699,Own,263475.28298613586,60,3.6380602226202456,Good,Review
APP0356,599,223,0.39159607993760454,Good,0.35441875904977277,8.181317649071723,4,1,2,17.991704329241916,Rent,449067.7768740125,12,9.357191824630085,Fair,Decline
APP0357,698,51343,0.46575712675991193,Poor,0.8910795333766741,11.093506708842295,7,0,1,14.836258185330301,Rent,179784.88779825537,36,9.440300142672145,Good,Review
APP0358,671,74795,0.1382440940006806,Fair,0.631667111586543,26.971116485342666,10,0,5,19.44365936374082,Mortgage,431812.3855177631,60,10.544998238333548,Good,Review
APP0359,732,28027,0.7811547140806331,Excellent,0.8566335669899511,29.03204440598712,13,0,0,11.981430206704811,Mortgage,36404.55572931034,60,12.72006244067926,Good,Decline
APP0360,617,69583,0.2582877318747704,Fair,0.17117307177814825,13.859733982245277,6,0,3,4.83427464182636,Mortgage,491224.2555869011,60,12.143080580677776,Fair,Decline
APP0361,751,64617,0.31293910374539663,Poor,0.37481855360768385,10.308914323586036,10,0,0,6.553100598432858,Rent,456896.8398463183,48,12.132097539988495,Very Good,Approve
APP0362,853,79482,0.3127597585785192,Poor,0.5215220327900011,16.25672638429472,5,0,2,6.396718465839342,Mortgage,187969.44294056093,12,8.187527211891442,,Approve
APP0363,689,67989,0.26129166348214494,Poor,0.11524435260542731,20.945306984606308,11,1,3,6.529886553265031,Mortgage,389613.8610041429,12,11.729657789598317,Good,Review
APP0364,740,40673,0.101031675460418,Fair,0.05355932708376419,8.930760945874415,6,1,2,13.459283462236314,Own,378606.3839721748,36,8.895788612989458,Good,Approve
APP0365,769,94914,0.6105413558615975,Poor,0.6198691837273799,22.357722063953112,8,0,2,10.616158561808325,Mortgage,451614.8505804365,24,3.8034141401400263,Very Good,Decline
APP0366,659,61036,0.7767918498594998,Fair,0.5955465892812201,2.49806335632459,4,0,2,7.708483561732886,Own,160554.94075311744,36,13.682181391340723,Fair,Decline
APP0367,722,64317,0.25700543829953154,Good,0.39917048849966996,2.429540290168077,8,0,3,2.981795374574332,Rent,238104.80260393326,12,13.681959673665125,Good,Approve
APP0368,701,41668,0.5641330342623957,Excellent,0.4661974646272277,12.20234344922081,9,1,2,0.44278325884291814,Mortgage,433849.810176966,48,6.874545175861671,Good,Decline
APP0369,709,53917,0.6193274288711006,Excellent,0.40312655050327617,11.250722569760898,11,2,0,4.376693551753852,Own,391503.93252625584,36,13.966831431371283,Good,Decline
APP0370,622,42879,0.6938977653633673,Fair,0.07040428811815554,10.153363245647416,8,0,1,2.1494280793736253,Own,202798.6921827368,24,12.095808462060978,Fair,Decline
APP0371,702,60676,0.39584043790952644,Good,0.33506586528484306,15.23957311739839,8,0,4,15.708900617044787,Own,424405.36412693985,36,7.809614770344277,Good,Approve
APP0372,749,107792,0.3120516339483005,Fair,0.20051991708769637,10.301273887035565,9,0,2,2.2499591562777077,Rent,33007.47922387673,60,6.978067181103042,Very Good,Approve
APP0373,845,30702,0.3277065938161218,Good,0.13366056073616342,6.575479635574666,13,0,2,14.484564746136723,Mortgage,393202.68845186516,24,14.701712392633212,Excellent,Approve
APP0374,795,24660,0.5988349331689591,Poor,0.8632123688059473,9.974616923569426,10,0,1,7.713173795521653,Rent,111315.27112251331,60,11.55152355733573,Very Good,Decline
APP0375,915,101779,0.6717456265539453,Good,0.5594557662858408,29.272223911496813,9,0,1,1.4675677948755195,Own,150199.2448336557,48,7.5457194572544015,,Decline
APP0376,623,59766,0.22712977742962187,Good,0.6693578416011122,12.92228909285061,8,0,2,16.254600988631715,Rent,251675.2733618409,12,10.703806655769661,Fair,Decline
APP0377,787,48273,0.3596587057104357,Good,0.31805918177619985,13.896670528891738,7,0,1,11.592611404732267,Rent,230369.90552428723,36,9.858314388448427,Very Good,Approve
APP0378,718,90997,0.731358137724405,Excellent,0.3841750600699129,17.71980470858306,12,1,1,4.715230257271461,Own,265079.3523662416,36,9.29448027244753,Good,Decline
APP0379,918,49859,0.6646854637863175,Good,0.25138539481221495,29.51688228401257,2,1,3,17.893623486653357,Mortgage,276940.04187929165,60,10.736422785742125,,Decline
APP0380,619,110650,0.7894008819337331,Poor,0.13242082032061103,8.006437016637127,6,0,3,0.9051662774110292,Mortgage,172448.5686054335,60,9.451515866164343,Fair,Decline
APP0381,616,81948,0.6279737817774566,Poor,0.20217689182534623,20.75718120544058,6,0,1,4.036392163955258,Rent,95861.48137834469,12,10.857484244236566,Fair,Decline
APP0382,640,52802,0.3752366407195456,Poor,0.7278869385020129,21.76355611271,6,0,3,15.04093855611722,Mortgage,386555.80235077994,36,13.890822746683668,Fair,Decline
APP0383,487,118932,0.5134464837962465,Good,0.6259139344062095,18.61240808699891,13,2,3,14.187558606197783,Own,205988.3130526996,12,14.919179617743263,Poor,Decline
APP0384,647,49857,0.5627099779731243,Fair,0.5148895445876553,3.5687718494626783,6,0,2,5.785433874489561,Mortgage,257862.02260493892,60,11.51144248017616,Fair,Decline
APP0385,624,83552,0.15491907142198677,Fair,0.45382639193675284,20.62929599899972,6,1,1,1.2404975070556623,Rent,325901.39199204784,60,14.133849621005192,Fair,Decline
APP0386,715,72482,0.4811478713727056,Poor,0.8340691411077058,2.858746620049089,9,1,3,17.161561444498876,Own,455722.5819302614,24,13.30092304659545,Good,Review
APP0387,734,97543,0.5965245799308267,Excellent,0.11182470561186814,18.28813683694701,8,0,2,6.273952761398052,Own,356700.8872587078,60,6.540448775775349,Good,Decline
APP0388,887,104037,0.21712491280074228,Fair,0.28851069125222856,22.447854139430536,14,1,2,3.9142682985653043,Own,32275.02053928841,60,14.194895796516427,,Approve
APP0389,795,65800,0.6464422021978901,Good,0.34744717553510696,7.118126827978562,6,1,2,10.321236447219542,Rent,420894.57806502865,12,3.8497080006314577,Very Good,Decline
APP0390,642,46164,0.5086409463598782,Fair,0.7150619403808697,25.407038218740446,4,0,3,18.204543985648947,Rent,494783.9574124844,24,6.959061852522538,Fair,Decline
APP0391,610,76499,0.7665552499883164,Poor,0.8936374271376756,1.8802603604571235,9,1,1,0.8709315568675069,Mortgage,241517.66243197725,24,10.6793392212576,Fair,Decline
APP0392,749,48057,0.1296956087448242,Excellent,0.2545699375435801,25.470573046090877,7,0,3,15.316081760617754,Rent,485099.2648627543,36,9.322985350741705,Very Good,Approve
APP0393,567,115334,0.2857282962888269,Fair,0.7931612340165185,14.349542468640188,8,1,1,11.449464558774178,Own,278191.0837481432,48,9.508948713952352,Poor,Decline
APP0394,883,68413,0.5210877155098769,Fair,0.7560293463670226,7.31005025801769,8,0,5,8.50898233103634,Rent,235211.8379772554,36,12.538659957614977,,Decline
APP0395,817,55866,0.3075919385441515,Poor,0.24095878799550163,4.879566204825072,10,2,2,14.881608882101201,Rent,172388.33471645298,36,5.336444187434307,Excellent,Approve
APP0396,653,69617,0.6000969148498696,Excellent,0.3894326931693392,28.645907859888805,6,0,1,19.316488488832647,Mortgage,332201.88915833604,36,14.784906119609504,Fair,Decline
APP0397,528,31321,0.6313036977653518,Excellent,0.3982219388986412,3.1073020398535447,4,2,2,4.58412422325382,Own,122612.00605727185,24,8.249498727566046,Poor,Decline
APP0398,835,40709,0.17176117484653214,Poor,0.8814875682475746,6.773709178141845,10,0,2,2.8729473014423923,Mortgage,61417.767072058115,12,14.398119177667143,Excellent,Approve
APP0399,688,95010,0.45969812494473744,Good,0.20375811617206357,11.086848075558333,10,0,1,18.25763490445394,Mortgage,23346.1802662649,60,7.597390373961992,Good,Review
APP0400,823,48577,0.45622338891373915,Fair,0.7292842754390647,18.986810619872493,5,1,0,13.379061549146074,Mortgage,153266.25523047923,24,10.221440026219629,Excellent,Review
APP0401,540,38827,0.35849653915087876,Good,0.33406380704714345,16.799231473006852,7,1,2,8.75972043123932,Own,203927.70776184872,60,8.403737655877633,Poor,Decline
APP0402,640,78416,0.7530474037987706,Fair,0.6712397939097363,4.643661279957105,8,0,3,11.465191405285662,Mortgage,280517.58117781143,60,11.111221966223644,Fair,Decline
APP0403,700,94642,0.6792544239112549,Fair,0.4070093536513134,9.402111528408224,4,0,1,14.91227810352488,Own,153447.41434163315,48,5.2034967526102385,Good,Decline
APP0404,704,82973,0.5880465673367458,Good,0.541605798649059,7.923801361494698,7,2,2,15.460637974114345,Mortgage,492189.1904688515,36,7.80754239408582,Good,Decline
APP0405,654,89901,0.6000286450144984,Poor,0.7577200073272115,7.1927427802199,12,0,4,18.397883616379293,Mortgage,152955.13243817212,48,3.820573465289177,Fair,Decline
APP0406,762,46080,0.4232013006691834,Poor,0.7335407302363015,12.923185757919624,8,0,2,8.536855777912454,Own,226077.94033874027,36,10.177217003880163,Very Good,Approve
APP0407,593,29454,0.7446961647676031,Fair,0.7864597060087452,21.41691212515805,6,0,2,5.868218200387901,Rent,60605.321110631165,24,14.552180383069473,Fair,Decline
APP0408,685,102533,0.5862167990772998,Poor,0.10067472654296017,7.306135034299842,5,2,2,12.793285335796838,Mortgage,137706.99153516706,60,3.550878181888629,Good,Decline
APP0409,712,56933,0.6102867431590716,Fair,0.6382429700837831,11.63368751138646,8,0,2,8.314557985590607,Rent,33682.748496605636,48,10.915560294018798,Good,Decline
APP0410,751,58729,0.7031836326511417,Poor,0.16898927021349844,12.336605378393706,9,1,3,11.891969078979558,Mortgage,284159.23038429074,24,12.301175563651917,Very Good,Decline
APP0411,771,98204,0.29185011253953375,Fair,0.40344578281564936,29.317239353626896,4,0,2,8.399715969119004,Rent,378021.6947348915,24,5.5573010901315465,Very Good,Approve
APP0412,587,78905,0.6649496327066922,Poor,0.5163001527964852,28.685324349492998,9,3,1,3.0599157335634897,Rent,105897.80902467329,36,6.276891520422565,Fair,Decline
APP0413,546,76397,0.23666842206954444,Excellent,0.39232856203480615,24.203989899810203,6,0,2,9.388535033179169,Rent,190276.35952987467,60,5.418973034880424,Poor,Decline
APP0414,827,119125,0.3417393665714215,Good,0.49166992443255636,8.00810870375637,11,0,2,13.818356438820656,Rent,18141.951096308676,36,6.5689516401156895,Excellent,Approve
APP0415,733,48912,0.3349273179888899,Excellent,0.8970473624788262,2.9730821086584207,9,0,1,15.985676153352998,Rent,421365.8073038839,36,4.3209907103204905,Good,Approve
APP0416,625,88196,0.7849678278723985,Good,0.16493471665592652,10.190219993898118,8,1,2,9.866525535930936,Own,392182.1272165181,24,7.444174455425069,Fair,Decline
APP0417,855,66425,0.6995760566235488,Good,0.6241376385359617,8.737041933581095,8,1,0,3.3047578042080183,Rent,40994.47512840327,36,7.4271503437727375,,Decline
APP0418,711,71714,0.5908189031131819,Fair,0.3866008214277729,15.671848204245423,7,0,4,8.293754192988631,Own,188785.12856700152,12,12.687209479264906,Good,Decline
APP0419,817,103211,0.6089397331307731,Good,0.16305832907122947,23.554109391965998,7,1,3,15.725878576833965,Mortgage,478090.44078625273,60,12.61149978720862,Excellent,Decline
APP0420,706,77695,0.4934509560817998,Excellent,0.1849262488681631,25.891365227486883,7,0,2,8.257185412341457,Own,202093.25747869874,36,12.560680359712377,Good,Review
APP0421,906,78457,0.7629634669759634,Excellent,0.8568821403087743,25.501058476904745,7,0,5,13.930615872084447,Rent,267842.25159476785,36,9.804430958627163,,Decline
APP0422,875,91812,0.4473811270176531,Poor,0.7976612722049977,11.430591275468965,12,0,4,10.144273633561795,Own,184069.00189507403,48,6.910568242396014,,Review
APP0423,675,55876,0.3663623969089262,Excellent,0.8209856663527685,20.929795960359804,11,0,2,4.824462502187934,Rent,302104.3801828483,60,7.9315741968052045,Good,Review
APP0424,797,44019,0.21412473585211372,Poor,0.8928028594532785,10.07219172820238,7,0,1,15.923010160461486,Own,489296.86906204285,60,6.812922057144982,Very Good,Approve
APP0425,764,38879,0.6503439565827407,Good,0.22706808150724025,2.7662607538202986,4,1,0,1.6842690814137407,Mortgage,498776.22670578654,36,9.983134859768656,Very Good,Decline
APP0426,836,15841,0.614110752452914,Excellent,0.35212343675945246,21.345392702485327,14,0,0,10.497805655103011,Rent,389610.33922548365,12,14.255749455763995,Excellent,Decline
APP0427,603,116405,0.36904852696689444,Good,0.6188361754361367,1.2849990245238474,10,0,2,4.177820684868099,Rent,208112.43803001527,48,6.413961408668571,Fair,Decline
APP0428,768,37419,0.11763538977146056,Excellent,0.46123215888155017,12.866295036296169,11,1,0,1.341312570827513,Own,252271.77840620428,12,8.506221811753557,Very Good,Approve
APP0429,805,59468,0.6872981294026076,Excellent,0.4056311033715835,10.551998809760196,5,1,4,10.058678741664977,Own,184798.35077502968,36,10.861403161672081,Excellent,Decline
APP0430,524,58079,0.10799258841785155,Poor,0.3541395619352541,21.10794861704672,13,0,1,9.991243118698472,Own,492931.5686531296,60,13.136338941546994,Poor,Decline
APP0431,581,72685,0.5925898457403357,Good,0.5547135371519344,23.221118710050987,8,3,2,14.138018033514417,Own,356802.54985444783,60,6.040007047691578,Fair,Decline
APP0432,496,85393,0.77917997680824,Excellent,0.5392544143440697,9.818744443167231,5,0,3,14.895013861038098,Own,229976.40826242053,12,6.363479411764686,Poor,Decline
APP0433,673,86511,0.40636292970374244,Fair,0.18723915895460408,24.537183418900753,7,1,2,14.555829773857935,Rent,15936.482353705145,24,13.621986387071235,Good,Review
APP0434,771,50423,0.26448138349716693,Good,0.4509788618906732,9.52358605464308,8,1,5,8.1911746583351,Mortgage,265036.8730513687,36,3.963097439829636,Very Good,Approve
APP0435,850,60821,0.5934097070303672,Good,0.5204510097783724,13.943464439610276,10,0,1,12.633795744531252,Own,492124.81883379276,60,10.26537127160655,Excellent,Decline
APP0436,707,72064,0.6719896994109097,Good,0.5347438979216819,22.083537283409886,5,1,0,11.538904852879206,Rent,266299.8453967954,24,13.325464993151845,Good,Decline
APP0437,862,58782,0.4825012212544932,Poor,0.22859111397549903,21.09468664751887,5,2,3,8.431235122338393,Mortgage,99389.0758896657,60,14.0609130042184,,Review
APP0438,561,105183,0.7769246926793024,Fair,0.6809306834144437,29.6336856970538,4,0,2,11.944253883719863,Mortgage,20825.936081339678,60,3.152247050794425,Poor,Decline
APP0439,529,77274,0.1361681051605728,Good,0.0714192305979092,7.529669702262025,5,1,3,18.94495753412525,Own,183804.84148086244,24,7.435991729930212,Poor,Decline
APP0440,694,83371,0.45335691881316975,Excellent,0.35160707721168827,20.207219492647887,12,1,2,3.857874873627547,Rent,459931.7472913374,12,6.08717743345256,Good,Review
APP0441,738,81572,0.6029177631257852,Excellent,0.7131807512552885,18.680775339997545,2,0,0,18.115441915710527,Rent,498311.5130061817,36,9.816391065296678,Good,Decline
APP0442,696,94336,0.7038483298044254,Poor,0.5293089828970919,27.53785518021087,7,0,2,1.0691102796639673,Rent,473230.3076578813,24,10.594347321763552,Good,Decline
APP0443,493,69525,0.22547892833545305,Excellent,0.2719880676342312,5.5345021077013765,9,0,1,6.167784258033214,Rent,367415.7966945858,24,14.997293731266344,Poor,Decline
APP0444,691,32579,0.6600024372345771,Good,0.6407101514415905,22.802146744021055,9,1,3,5.762904972230565,Rent,283489.9369359211,60,9.153149962787108,Good,Decline
APP0445,569,74992,0.48689495300298175,Excellent,0.5322823025326624,17.47978987179428,7,1,3,12.527302157618115,Mortgage,299436.2117273035,24,9.617602544847237,Poor,Decline
APP0446,766,48716,0.37758757739297427,Good,0.726807068037929,8.965310223849258,10,0,1,2.6244990355458064,Mortgage,274106.08445506083,36,7.971762093667703,Very Good,Approve
APP0447,736,51784,0.1922005200053655,Excellent,0.6747714082613498,14.75861251026805,8,0,0,17.646952236795073,Mortgage,356454.1594122643,12,4.772126854062908,Good,Approve
APP0448,606,79659,0.7057070312362388,Fair,0.5685917337307994,10.679521315024136,10,0,3,16.571028169300824,Rent,215247.8810807227,12,6.639895683367182,Fair,Decline
APP0449,648,95957,0.21009124572580076,Poor,0.4649510240141919,17.800088680865365,10,0,1,13.041316393705555,Mortgage,337909.9624283251,12,5.963819012532381,Fair,Decline
APP0450,594,65531,0.3168515014463695,Poor,0.1632048068173949,26.78101771362531,3,0,6,9.168276635843956,Mortgage,69589.93632902851,36,12.614636296180105,Fair,Decline
APP0451,693,72720,0.3030318723737058,Fair,0.2721330652025762,17.509844547953858,4,0,2,18.659120842841567,Own,140190.70021512706,60,9.549797058627748,Good,Review
APP0452,795,107555,0.7099898239335981,Fair,0.40623455197952246,19.319950131470936,7,0,1,16.61493109441112,Mortgage,419641.4890162284,36,6.554323562584105,Very Good,Decline
APP0453,601,71018,0.5708920959462287,Poor,0.5594043939554304,16.043687566326575,7,0,2,9.986302961624897,Own,452836.97606426163,24,8.869114834722039,Fair,Decline
APP0454,750,130042,0.6576769780339606,Fair,0.4866516769330091,2.4837996869188013,8,0,2,14.037467089086224,Rent,274114.0364045469,48,5.626378597144987,Very Good,Decline
APP0455,646,79137,0.2753275291547493,Good,0.29495684706560005,7.752898149406733,4,0,0,11.33859904359369,Rent,25501.452434336876,48,5.221525806878615,Fair,Decline
APP0456,620,20980,0.5374118697248993,Excellent,0.05549470412125397,15.2680501535304,9,0,3,11.758844767765291,Rent,464217.04968796636,48,13.31930684690263,Fair,Decline
APP0457,689,83833,0.5002221882006241,Poor,0.47180333861569185,9.996823228596439,13,1,1,6.619521388749425,Rent,354011.4864333704,12,14.337730253593666,Good,Decline
APP0458,596,74528,0.6829812637517898,Fair,0.29278209027790664,6.2711443350746325,8,1,2,9.241692092497935,Mortgage,212873.6826401268,36,3.9601752939238546,Fair,Decline
APP0459,644,97243,0.7342609423368824,Good,0.6744170556039548,15.61985241563471,9,1,2,1.5624286157948841,Own,303205.6821677532,36,12.178592486237045,Fair,Decline
APP0460,580,81829,0.10850974003417077,Poor,0.07035432547991097,10.36148400998766,10,1,3,7.14697383329185,Rent,220589.6688762694,12,8.439738437127481,Poor,Decline
APP0461,896,61538,0.5718139433411549,Fair,0.5471036396099223,8.485121652029028,5,1,1,13.916570307243038,Rent,238016.22109870496,24,7.66765969569904,,Decline
APP0462,703,34392,0.13628505938381033,Poor,0.8502531018801556,14.455577105771043,6,0,1,19.064320610123726,Own,444536.8341731068,48,11.272935714573853,Good,Approve
APP0463,630,59774,0.4842010655541492,Fair,0.1982478770447746,4.865243484383021,5,1,2,19.261282255260404,Own,88931.28098938466,48,6.195044224012388,Fair,Decline
APP0464,721,43736,0.30134291033057475,Poor,0.45090206713800607,27.904626259186813,10,1,1,11.114457382497832,Own,60797.87638629602,12,3.2469747154030486,Good,Approve
APP0465,688,50486,0.31474361966549885,Good,0.12770869304456745,26.163360839657933,7,0,3,12.13244503619164,Own,11337.084811377716,48,5.56803417384018,Good,Review
APP0466,677,79714,0.34707095241664965,Good,0.5818296254221497,21.520996986475524,9,1,1,3.71442371001935,Own,163860.18404994207,60,5.2191009205100265,Good,Review
APP0467,761,106747,0.5349047143347271,Excellent,0.5179519285067917,4.08020100006523,11,0,4,13.906162161870615,Mortgage,82232.74557736942,36,3.4085925786427502,Very Good,Decline
APP0468,775,74866,0.3338349759681385,Poor,0.3962606955809075,23.500440379621097,7,1,0,1.4131758534877248,Own,117792.89261767447,48,6.855784992315856,Very Good,Approve
APP0469,646,35102,0.6128893354131963,Excellent,0.49317046825268,24.43076251516155,8,1,2,5.69371371598889,Mortgage,15507.101506034694,48,8.694222402169679,Fair,Decline
APP0470,642,76115,0.3831691699017088,Poor,0.8120884596986586,23.265173913715792,9,0,5,13.367266945708845,Own,121325.75319697458,60,11.829944364606941,Fair,Decline
APP0471,672,94915,0.14784724021697104,Fair,0.216850156964407,4.3050107264579935,9,0,3,6.206202630869786,Own,173028.6751468632,24,6.907935905911162,Good,Review
APP0472,469,49755,0.6486318897388751,Fair,0.06917983494954515,19.67333075496518,5,0,3,0.9969374822890864,Rent,25468.073240841848,24,5.334483187892921,Poor,Decline
APP0473,548,61649,0.3000308272148942,Excellent,0.7824151519942358,25.19541907673256,10,1,2,16.637408187019275,Rent,307873.0209056024,60,5.767437231043265,Poor,Decline
APP0474,836,65367,0.40293681571948387,Poor,0.5405495200297205,17.743248635370364,8,0,4,6.206600142691261,Rent,288712.1709530414,24,13.694124949940575,Excellent,Approve
APP0475,864,45377,0.5798107182553311,Excellent,0.807059687142566,19.74581388161458,11,0,3,1.2621044971735684,Rent,57547.53146986328,12,5.456644877008426,,Decline
APP0476,675,81207,0.33271931000409843,Good,0.5574034399011967,14.292540903362879,8,2,0,1.4957632900573037,Rent,301554.7909840165,60,13.550888010198124,Good,Review
APP0477,757,61976,0.13960995930270095,Excellent,0.7386369264657471,16.332512276637527,5,0,1,5.035175975775072,Rent,499340.42011835007,36,8.365187945853545,Very Good,Approve
APP0478,731,75488,0.3617447329089695,Excellent,0.41522235885187575,1.9969288922000312,9,1,6,3.560318944430525,Own,472789.7868776549,36,14.212805188182317,Good,Approve
APP0479,1007,42812,0.7611140078860125,Fair,0.6873809415950285,19.529927637225253,9,0,4,15.486002355603016,Own,11308.786750155017,36,7.897105635656384,,Decline
APP0480,811,54063,0.5492140781089908,Excellent,0.8260852468563775,3.3619691738436166,9,0,5,6.433680933340689,Rent,399735.37255187624,48,5.132195205669808,Excellent,Decline
APP0481,687,83059,0.5700354040670449,Poor,0.5363045191638753,13.615423235866478,5,0,3,16.09391570079665,Rent,183266.5853558781,60,9.588359150536052,Good,Decline
APP0482,604,55679,0.542597507546348,Fair,0.20366737797802262,9.486997832354827,10,0,3,3.476919956463056,Rent,41189.17146396744,60,10.052479234188812,Fair,Decline
APP0483,539,108174,0.23929449727160576,Excellent,0.27847797277566844,16.81741055613968,10,1,0,9.857583590881676,Own,155031.77472094196,24,10.625871639279236,Poor,Decline
APP0484,720,55009,0.39283370487159613,Good,0.21884789036279492,4.869073730173006,9,0,2,13.760742671062577,Rent,167650.89299335153,60,7.937960621634327,Good,Approve
APP0485,624,70617,0.6256578588543228,Excellent,0.259828473456373,21.057658657226227,8,2,2,13.039817077317098,Rent,266389.6772614379,60,3.583216089533942,Fair,Decline
APP0486,557,88314,0.1709610282872114,Excellent,0.3104531319483809,24.05533457092564,8,0,3,12.022588198605375,Own,333931.0459617388,24,10.520639075394143,Poor,Decline
APP0487,635,29540,0.2944969432627986,Excellent,0.5218637187402102,5.737279042551538,10,0,1,18.496432038623396,Own,377037.24998211995,60,14.196361851203662,Fair,Decline
APP0488,591,20979,0.2934233759260976,Fair,0.5497928850442578,4.025079533204583,10,0,5,4.570502954134888,Mortgage,130492.49085600067,60,14.490703542068763,Fair,Decline
APP0489,868,26858,0.40241324931615424,Poor,0.41252478515558194,5.219949000833416,3,0,7,9.874384089242108,Rent,167667.5794217635,12,10.162624414332175,,Approve
APP0490,788,96564,0.7862581186595297,Good,0.5731076628477101,26.43669929505655,14,0,3,17.679851001448174,Own,161107.03636127026,24,3.238644215453182,Very Good,Decline
APP0491,699,51203,0.14725178267867536,Excellent,0.11933868676966103,16.317488590934328,11,0,2,1.5578753119031408,Mortgage,187741.06537922946,12,4.272461770185748,Good,Review
APP0492,847,128954,0.46309069606641656,Poor,0.12462000149943597,14.550568884217576,8,0,4,1.117765365061505,Own,499831.591388606,48,13.007886309233314,Excellent,Review
APP0493,707,50893,0.22555527740854733,Poor,0.1960550413040097,4.094642753968274,8,0,1,4.666045751165829,Mortgage,391192.21838543867,24,12.956933251840105,Good,Approve
APP0494,613,69613,0.7794735817868209,Fair,0.49036587333429305,19.83712419595189,8,0,0,12.660424390760369,Mortgage,487745.32798166154,60,14.352187263220344,Fair,Decline
APP0495,852,103552,0.17931245330922496,Good,0.23189547689356654,26.171988164957607,9,1,2,5.197592528996138,Rent,349624.41917805804,60,9.765293074401757,,Approve
APP0496,753,115152,0.3825207016531139,Fair,0.2907917429686907,25.017390210380135,12,0,2,3.8047976761759794,Rent,209072.6438071693,12,13.36579553362127,Very Good,Approve
APP0497,596,116537,0.6165194893842244,Poor,0.390265910747045,19.155586560443236,13,0,0,9.17604630716584,Mortgage,200974.64997721772,12,12.898643108182528,Fair,Decline
APP0498,680,95209,0.5931880996192117,Poor,0.7400862054088229,3.183082782898535,11,0,2,12.27196137538823,Rent,249404.7610377721,48,10.073049674485201,Good,Decline
APP0499,612,90601,0.3959100458257526,Poor,0.0617828155259311,4.259513788104376,7,0,0,4.971154140334808,Own,214266.1938485743,48,12.403650640404644,Fair,Decline
APP0500,561,79813,0.3425669175669028,Fair,0.601971997201129,2.429960626184916,7,0,1,6.013823734474841,Own,415879.8605854454,60,4.508526534149658,Poor,Decline
APP0501,792,84459,0.37832866498700946,Good,0.6185450513845825,8.46689727828161,5,2,0,12.271186096230277,Mortgage,237850.9863830795,36,10.670433082561443,Very Good,Approve
APP0502,890,51220,0.28499338421104753,Excellent,0.728857413303141,4.934182547650955,6,1,2,18.914768439789054,Mortgage,154851.03650331454,48,14.441411476046328,,Approve
APP0503,560,44545,0.24373305709475987,Fair,0.8428399982012662,8.541393167320583,3,0,1,13.494834548761766,Own,389681.53166135936,60,4.943489981272894,Poor,Decline
APP0504,756,64915,0.438127788291223,Poor,0.06711717160689636,12.16668361584989,9,1,1,15.6580828716912,Own,428666.00059688336,48,11.928512181600013,Very Good,Review
APP0505,634,60745,0.28797362924732517,Fair,0.18071614968623376,28.346500738062936,13,1,0,7.336201895109376,Mortgage,216010.1885088212,24,6.849429568120616,Fair,Decline
APP0506,651,53669,0.3012231654280751,Poor,0.803245599947594,18.70090573366907,7,0,0,5.445087187689321,Own,337226.2002337107,12,12.80524708461396,Fair,Review
APP0507,640,82409,0.55972924443219,Excellent,0.43974077785896304,25.21423978480591,7,1,1,9.085354864052452,Own,38814.22160526933,60,11.36653120446801,Fair,Decline
APP0508,613,88882,0.7779761321899246,Excellent,0.529902043093444,21.600193520657633,11,0,0,16.142656574233474,Mortgage,269437.7774660187,48,14.11409109127948,Fair,Decline
APP0509,704,67210,0.5225460403915626,Good,0.6135731231646753,4.26259078527232,6,0,7,9.125992835811116,Rent,32040.757495298945,12,11.543225036326744,Good,Decline
APP0510,616,101938,0.15388562694547642,Poor,0.6272066138212917,22.341691784844517,9,0,1,16.93450817579722,Own,24303.511842289357,36,7.923727139554339,Fair,Decline
APP0511,727,36457,0.1529085296978469,Good,0.841979342819032,8.97786756521461,13,2,4,19.77543961390254,Rent,310333.1767561421,48,3.1307104138839095,Good,Approve
APP0512,694,60158,0.7659962545918962,Good,0.8974070047999192,19.534127562846486,11,0,2,1.4405333146067267,Rent,158634.3373735437,60,12.515002761249939,Good,Decline
APP0513,676,47079,0.30810355321513355,Excellent,0.6621338417912992,10.887897235646667,11,1,4,0.9082031216740738,Own,373843.2096031781,24,7.901579599864867,Good,Review
APP0514,609,18336,0.16444689025773282,Fair,0.2941380278243782,29.932495634675117,8,0,2,2.9917940582672364,Rent,449080.45470997016,12,11.047609138018316,Fair,Decline
APP0515,642,62932,0.5193312110052671,Fair,0.797789541950192,8.642992905406556,12,0,2,7.687393514686924,Mortgage,78301.67512787184,12,4.260797774981025,Fair,Decline
APP0516,775,61956,0.5365541448031863,Good,0.09183777735964736,9.09478365245382,12,1,2,2.620844182908648,Own,365016.1909036727,24,13.691623630771861,Very Good,Decline
APP0517,750,102836,0.5539533740830818,Excellent,0.24641872494332176,27.98949541130955,15,0,4,17.41328955237512,Own,262114.79916128822,60,8.227893568878061,Very Good,Decline
APP0518,602,80770,0.2871814195002789,Poor,0.8127778598441576,1.7146877344533573,4,0,1,0.46292502054127604,Rent,64938.43257972244,36,14.036300805704183,Fair,Decline
APP0519,709,39395,0.11057747895013254,Fair,0.2677627872734517,21.20398064832271,6,0,2,6.31585432671645,Own,329280.3771755551,24,11.484209205533892,Good,Approve
APP0520,775,111352,0.7755107586181303,Good,0.2375534006784862,22.034465331340467,5,0,3,3.693892589884107,Own,308638.7335221717,36,4.457547145176639,Very Good,Decline
APP0521,533,95525,0.27562513198377175,Fair,0.16740649916921016,25.25497874490158,8,0,5,18.630786603150646,Rent,262664.51502638345,60,9.95035936089239,Poor,Decline
APP0522,754,79552,0.5732184016367833,Fair,0.780244993999879,29.258740008515783,10,0,1,13.38962009780056,Rent,463970.8902342324,48,13.919213375301446,Very Good,Decline
APP0523,633,59337,0.5946409089150968,Poor,0.4750495203124237,29.29245565554292,7,0,2,18.24060512902749,Own,265329.0510909681,48,12.599646718601177,Fair,Decline
APP0524,757,41014,0.52700519195564,Excellent,0.6236592225960316,2.8930259694274527,7,0,0,19.446574206207867,Own,495352.40657060413,60,8.015764890915,Very Good,Decline
APP0525,623,55694,0.3190351759495538,Poor,0.2532064264637752,24.83334035983417,3,2,3,9.941964873547384,Mortgage,259522.1187855744,36,14.460772767046883,Fair,Decline
APP0526,519,92218,0.28976737763484606,Excellent,0.694334357859534,19.74298807606406,10,0,3,4.686382160960525,Mortgage,66767.49876767011,24,6.2229141696183214,Poor,Decline
APP0527,537,112114,0.5183677978918922,Fair,0.6960047132177837,19.772921896819643,9,0,0,3.8745757239317857,Own,240530.9130267649,60,7.501292439819789,Poor,Decline
APP0528,704,103581,0.7062669435281841,Good,0.3157083211720551,4.722147871826149,8,1,1,4.45837723371681,Own,99341.0936519849,60,11.99657007944158,Good,Decline
APP0529,725,52778,0.762713610246377,Poor,0.39908023805874043,19.855427826923947,9,0,0,14.171866152440058,Mortgage,302595.40775653935,48,5.794854686586193,Good,Decline
APP0530,609,37009,0.17413406308263035,Excellent,0.22823673581567072,29.491994837436188,7,1,0,0.8089145624600147,Rent,349634.76584486454,24,9.184493639514574,Fair,Decline
APP0531,763,68522,0.20838002881840392,Fair,0.8800768698244686,27.442738516643963,7,1,1,1.0272214606542973,Own,239533.2865664759,48,11.745470281249851,Very Good,Approve
APP0532,533,20789,0.7613153811481558,Excellent,0.5987621904996498,13.734789163340665,10,0,3,12.162858847663001,Mortgage,57874.45416474264,36,10.727613193708176,Poor,Decline
APP0533,693,73079,0.6155746598343549,Excellent,0.8443622986081882,2.1584912252967356,6,0,2,12.841142934748131,Mortgage,239634.28530594092,36,4.864438969451619,Good,Decline
APP0534,578,61309,0.7180956773808412,Excellent,0.30787771208476317,11.50651121000594,6,2,5,13.305258486449201,Own,49912.565219856195,12,10.555923793534015,Poor,Decline
APP0535,634,53349,0.24184284389474023,Fair,0.7146072760473563,24.9653190364161,8,0,2,7.437610091771825,Own,344241.7181982017,60,9.872526345661287,Fair,Decline
APP0536,704,25132,0.5113101097765813,Good,0.7009798473020307,21.343473942489815,11,0,2,16.118897774283063,Mortgage,397280.4301838929,24,9.69413790046935,Good,Decline
APP0537,613,77840,0.5907977160922316,Good,0.6379073040865603,14.320966012224735,8,0,2,10.672491754532352,Own,481566.36034124915,24,12.912566238446955,Fair,Decline
APP0538,661,51682,0.5760783198128809,Good,0.8707931289767803,2.5979445196061017,11,0,1,2.109312600188389,Rent,82913.03249294365,48,5.206752270300167,Fair,Decline
APP0539,800,35752,0.38570618360668874,Excellent,0.3845220356903682,13.379947106875775,8,0,2,15.941986141346904,Own,270885.96441131906,48,12.01879184452137,Very Good,Approve
APP0540,642,-6806,0.11077642418391594,Fair,0.1611097250512937,14.60172325181862,10,0,1,19.061355725409165,Mortgage,288093.3100923551,24,12.131112212820982,Fair,Decline
APP0541,783,64312,0.5080482397629842,Excellent,0.6209525303574517,27.928110453929943,6,1,0,1.2007262600471735,Mortgage,462013.50155268004,48,11.67174527497042,Very Good,Decline
APP0542,587,109306,0.27717107742572616,Good,0.6699133304056253,19.591497003882623,8,0,4,7.827026774011598,Own,317365.55389229197,12,9.07161976174512,Fair,Decline
APP0543,752,106531,0.4151779723000233,Good,0.5388014874399925,10.037934582984818,7,0,1,9.750320896694953,Mortgage,81299.72636620734,60,7.746464972852849,Very Good,Approve
APP0544,844,53572,0.7703067105586722,Fair,0.22579520916338683,16.23422966907092,7,1,3,2.929415201566339,Rent,223812.1487419627,12,7.736125920874555,Excellent,Decline
APP0545,452,49944,0.3793247223497043,Excellent,0.47878755041895205,2.915603926842642,3,1,1,17.35417895565754,Own,330833.63896806276,36,11.805704567306886,Poor,Decline
APP0546,620,76719,0.6878611246650987,Poor,0.31536127608375997,29.20447883384237,11,2,2,5.68299289780088,Own,353139.3717139557,24,8.974760430994456,Fair,Decline
APP0547,757,40040,0.2319784240244758,Poor,0.4133465489416857,11.441737155991055,7,1,2,15.660170798763202,Mortgage,432906.259309381,12,7.061204690771122,Very Good,Approve
APP0548,679,72544,0.5707223486175202,Good,0.5984357894679643,14.858153292480939,6,0,1,13.419889640566321,Rent,98448.4887237546,12,10.505636212863859,Good,Decline
APP0549,737,84152,0.7839048681072605,Fair,0.6834325312872094,11.303235252870754,11,0,2,11.960916449340468,Own,476255.65191019425,48,13.0441351260362,Good,Decline
APP0550,639,95673,0.17132517061105576,Excellent,0.24739098726614164,20.792840173369804,2,0,0,3.842856973931088,Mortgage,38978.3118876402,48,3.738104894019381,Fair,Decline
APP0551,708,62496,0.10582395955903441,Excellent,0.3945265565499103,20.204732591558198,7,1,2,4.414070411018114,Own,492043.445938762,48,14.665643493257251,Good,Approve
APP0552,684,59908,0.4035079548428301,Good,0.2787873353428848,21.744347005344935,9,0,1,0.9469680949313863,Rent,430305.87550454016,36,4.159823274982852,Good,Review
APP0553,816,43050,0.16483783813595704,Good,0.21883687178258876,8.776153658745704,8,0,1,4.814248595645328,Mortgage,333533.66355346394,12,9.14085744843502,Excellent,Approve
APP0554,725,44327,0.623869044773362,Excellent,0.7158791369964627,10.154385953757913,12,0,0,6.908872189210282,Own,370147.79512956657,60,9.722514528453553,Good,Decline
APP0555,733,59338,0.7401840646939913,Excellent,0.8228647902714435,4.63228570179003,6,1,3,16.662906077248508,Mortgage,45619.082900210255,48,4.658528464336178,Good,Decline
APP0556,658,74184,0.4038146808961312,Good,0.3646973578318902,20.009789183537265,13,1,1,7.3278533342961065,Mortgage,30325.132818281665,36,13.987125036212152,Fair,Review
APP0557,651,87839,0.2810981495088087,Excellent,0.6885870857177018,2.1541166927339237,11,0,2,15.092435655312128,Rent,59865.24031016911,36,8.657604927509928,Fair,Review
APP0558,656,44920,0.4040823233046269,Poor,0.8124459959597494,18.332787730180314,12,1,1,8.788845625909751,Rent,52806.30918542751,48,4.71744617352472,Fair,Review
APP0559,739,102317,0.6064134724950008,Good,0.7692055789506969,26.22118066069738,4,0,5,15.697366239877768,Own,278216.8044000232,24,11.53934883417325,Good,Decline
APP0560,657,58221,0.10633791310625969,Excellent,0.20539138025834203,26.83413230039937,14,0,1,19.525432008740797,Mortgage,115567.55368477668,12,10.960852142911317,Fair,Review
APP0561,728,64465,0.5126177926392881,Good,0.8628480992863571,14.022095050728888,4,0,4,4.796831161151602,Mortgage,431500.762231296,48,14.55438683737737,Good,Decline
APP0562,907,46319,0.5293041794211654,Fair,0.3701749743650431,14.31980695817914,12,1,1,17.246832239277524,Mortgage,228416.82530335538,60,8.29819589625298,,Decline
APP0563,787,4393,0.5463817728271549,Good,0.33835456199776087,3.2321063072325034,5,0,0,12.436481726115494,Own,350800.13346455473,12,6.213551677977112,Very Good,Decline
APP0564,667,87101,0.2694154559866141,Good,0.10306662818611328,20.452185737848037,6,0,3,16.345885231773096,Rent,329907.8155553783,36,3.719928075543145,Fair,Review
APP0565,820,83421,0.5998369063646888,Fair,0.46324760598915055,24.816523190812518,12,0,3,13.031718045356104,Rent,166727.98907555794,60,11.797458300963232,Excellent,Decline
APP0566,659,57966,0.1639740404322435,Poor,0.1426615732947894,8.094996583536679,9,3,2,8.478990145483003,Mortgage,129152.11102760723,12,10.407332270765068,Fair,Review
APP0567,496,66674,0.23948923552676057,Excellent,0.2612588477883121,13.217725567367575,10,0,3,4.561498788835808,Own,177803.57979535125,60,14.671330018809114,Poor,Decline
APP0568,599,77898,0.7142290326581374,Fair,0.31940122850218916,25.32634076619284,9,0,2,1.4007045066233004,Mortgage,400362.6031864204,36,11.54597975764359,Fair,Decline
APP0569,512,25936,0.6171062055085965,Good,0.7375023749679315,26.43649356220635,8,1,2,10.71036728921434,Rent,297275.65572561306,48,14.197937759258593,Poor,Decline
APP0570,664,51773,0.10962188780794169,Excellent,0.794165352836512,8.052219427662552,11,0,1,19.80652189053731,Mortgage,134233.9446343959,60,14.898945537354965,Fair,Review
APP0571,701,84856,0.27386338225886014,Fair,0.30709636984224925,16.966548401699562,7,1,2,14.760836100284125,Mortgage,410744.7570996108,48,8.141173730792229,Good,Approve
APP0572,867,33642,0.2500845380952152,Excellent,0.7798934030578878,6.582301368438984,10,0,3,6.546910827980332,Mortgage,36832.0991940503,36,4.803540160431325,,Approve
APP0573,732,72338,0.2895644296258808,Excellent,0.7786462967643224,3.95448416004714,7,0,1,16.544096001734705,Rent,352599.85374524473,36,5.350209322839165,Good,Approve
APP0574,678,31085,0.2732918391959205,Fair,0.6999533078271425,27.42249454036677,16,0,2,15.379680003528131,Own,225159.39481716233,60,6.8205026773478,Good,Review
APP0575,782,76660,0.14376840701999202,Excellent,0.17469084691290432,24.794717622731167,7,0,2,5.632715867069136,Mortgage,368332.28917228524,60,9.106749204795275,Very Good,Approve
APP0576,478,64108,0.42125836161777425,Poor,0.6367744198656197,23.041012152292044,12,0,2,0.2861497958846937,Rent,464456.02731927915,36,4.469039992756274,Poor,Decline
APP0577,723,24621,0.6129134323503156,Fair,0.8532704548934834,2.414223245581072,5,0,2,2.363252770678992,Mortgage,377516.7079939829,60,6.620614462262829,Good,Decline
APP0578,777,94118,0.5247122073022056,Poor,0.6301594069520835,25.468134988597466,7,0,1,17.54612380624115,Own,226563.02410257736,60,6.6935261685949845,Very Good,Decline
APP0579,552,46635,0.5710101680186559,Good,0.3318743217416589,13.70327820125613,11,1,2,16.731260706097434,Mortgage,83978.08394180157,60,3.0490278595765536,Poor,Decline
APP0580,814,44743,0.15680442497536742,Excellent,0.4754924198162066,10.929458575579929,8,1,0,5.904180017567249,Own,405111.9781446625,60,7.250024875996713,Excellent,Approve
APP0581,733,70014,0.7660434971237511,Good,0.5988662868483956,16.847814469735916,11,0,3,5.703908525688409,Rent,235745.70819147208,12,4.393826401016057,Good,Decline
APP0582,658,93715,0.6869442836901174,Good,0.48398484741922804,3.649244038983119,6,1,3,15.857299742049422,Own,46903.0384939936,36,8.15653655594867,Fair,Decline
APP0583,763,39604,0.6635632229469639,Excellent,0.15196000047132435,22.942749931219566,9,0,1,18.75474939790844,Own,362337.14491066436,36,5.358440848844989,Very Good,Decline
APP0584,927,66541,0.6760886635292374,Fair,0.31525443795421754,17.89061722976058,7,1,3,15.582745135951999,Rent,153007.46329912895,24,12.865370876318353,,Decline
APP0585,718,75720,0.752897355692933,Excellent,0.7320366259705876,6.411112809321859,5,0,6,12.11157354061523,Own,33955.23245754076,48,3.9663042332858827,Good,Decline
APP0586,724,82327,0.48097777627958843,Good,0.7822053391811898,6.458733793302322,8,0,4,4.853427006636091,Own,452347.99733729806,24,13.387925177018403,Good,Review
APP0587,654,69411,0.24019741250733814,Good,0.1667050278082347,6.343210895607553,4,1,1,10.514958281905214,Rent,246719.53512601592,60,9.96631938629518,Fair,Review
APP0588,615,55824,0.5317485254967789,Fair,0.859528739538916,2.6530692390060855,4,0,1,4.670237171865292,Own,147670.91605478057,60,8.50368795838029,Fair,Decline
APP0589,783,44310,0.6200170455675573,Excellent,0.3294992251713179,18.04615503177886,4,0,0,16.160228401935473,Own,361029.41336360667,12,9.596907802726921,Very Good,Decline
APP0590,614,67153,0.6165421753478179,Good,0.6129666779211119,25.370097150066734,12,0,0,7.739221590354745,Mortgage,444092.16506445623,12,7.513309550132031,Fair,Decline
APP0591,707,38196,0.4650143169168161,Poor,0.689051374063179,1.5074482056342693,6,0,2,16.673944339880524,Own,10150.466766540188,12,4.531342859903341,Good,Review
APP0592,652,-8033,0.14792110353350466,Good,0.7401542994422009,2.421134704166933,9,0,1,7.632184359654506,Own,347047.57067065535,12,12.190557789405359,Fair,Review
APP0593,747,75913,0.3597790569010895,Good,0.8538872468920405,17.61033802392143,8,0,2,16.482988103997826,Own,385835.73006902647,12,14.134939081156986,Very Good,Approve
APP0594,733,87598,0.7445366259243502,Fair,0.3159816158244992,24.76537487619552,4,0,5,6.666356303304839,Rent,112864.43936695156,12,14.400811477438376,Good,Decline
APP0595,803,5926,0.5091142368301983,Poor,0.7797304863688214,10.475427826490375,10,0,5,8.802654092353396,Own,249915.67739098545,12,11.048538074672933,Excellent,Decline
APP0596,648,39756,0.47683236027899945,Good,0.161933867920776,11.138817565423942,13,1,2,12.30976838685315,Rent,53750.09046978855,12,7.924169118200007,Fair,Decline
APP0597,673,80478,0.2881974600675355,Good,0.6492847704005538,18.2940484274065,7,0,3,1.4057522805983735,Rent,375907.4424325203,12,8.740319547317958,Good,Review
APP0598,602,116437,0.35791424394160526,Poor,0.6806810700868879,8.952173784600262,6,0,2,18.96414123630929,Own,425253.4490960427,36,10.883588363871787,Fair,Decline
APP0599,655,65519,0.7267422624072185,Excellent,0.6260647550211224,1.7716426162528398,11,2,2,11.472115722476063,Own,63011.46208908369,12,12.876870198100175,Fair,Decline
APP0600,737,46799,0.566524133268785,Excellent,0.26446752571488,22.321627024946284,6,0,0,10.156400293816045,Own,410065.524182089,48,7.494805650516486,Good,Decline
APP0601,775,60427,0.651170918726633,Good,0.7920866749629228,19.14384747530214,8,1,2,16.78787942239824,Own,388069.38353742147,12,14.001374697373334,Very Good,Decline
APP0602,607,99371,0.41804179614735865,Good,0.19352969386483576,17.841923972614115,6,0,1,17.31525459793655,Own,179987.52698173968,60,6.891265859167355,Fair,Decline
APP0603,786,48850,0.5411730536193106,Excellent,0.09558957279270622,22.50883974076287,13,0,4,10.44520809058032,Own,348241.8696674558,60,9.37031730392645,Very Good,Decline
APP0604,835,45020,0.2738685261202453,Fair,0.6598452420201253,20.581694289299087,7,2,0,18.545246515872748,Own,10023.580708212756,12,14.536341600427363,Excellent,Approve
APP0605,741,52931,0.5938225811984404,Poor,0.4541543579478236,6.970577657171313,5,1,4,1.2947553215296126,Rent,466580.8506883393,12,14.258386985107322,Very Good,Decline
APP0606,887,41166,0.39932093359233617,Poor,0.7717333169648747,11.221950361357184,8,0,6,2.2645158450243508,Mortgage,279687.7853011027,60,11.348941074332991,,Approve
APP0607,622,68066,0.40978186037032194,Fair,0.3758875698995201,4.657194108680125,5,0,3,11.935764600288802,Rent,313966.04339037975,48,6.894722333700105,Fair,Decline
APP0608,575,105616,0.5545256272038173,Fair,0.1930368002315559,4.76585338911855,12,1,2,7.081317235871674,Own,335683.11263415834,24,5.628420398208043,Poor,Decline
APP0609,522,73076,0.7553964350282487,Fair,0.7609758635993893,20.609676644339636,11,1,2,9.284503323783976,Mortgage,285070.8184369997,36,3.9617202640025306,Poor,Decline
APP0610,849,58691,0.14480444262603465,Fair,0.516573186894061,25.89940310249245,11,0,1,6.561584357943331,Mortgage,429814.3048943369,60,11.503852856872625,Excellent,Approve
APP0611,765,57704,0.6773202661429054,Fair,0.21081642353180166,28.919244931973033,8,0,2,8.094506228898712,Own,308753.89775425656,12,9.041408328024428,Very Good,Decline
APP0612,694,25920,0.3046681772885352,Fair,0.6623263987984789,19.222066408933888,5,0,2,16.45292694292599,Own,454802.39570783154,36,9.867452327331087,Good,Review
APP0613,727,87077,0.41074361815446453,Poor,0.48444659271607543,6.338938377467752,9,1,2,11.869523997086093,Rent,295342.4948946644,12,8.668706087108854,Good,Approve
APP0614,587,63054,0.11533933014250627,Fair,0.5636660349042718,4.063860018018991,12,0,2,19.946890985669967,Mortgage,93849.98677047763,24,8.795357202881315,Fair,Decline
APP0615,944,60488,0.31073225448401914,Excellent,0.4417635874755946,24.572678174565976,14,0,3,15.73758395641926,Mortgage,457645.6523612584,24,9.855283430459583,,Approve
APP0616,712,144827,0.45184186984109137,Fair,0.7544026362453055,17.78393781443998,4,0,2,5.473325082036533,Own,343997.4741962906,60,13.971144074112452,Good,Review
APP0617,710,72468,0.13932325414320731,Fair,0.7551283083305923,18.930265609397875,6,0,1,5.286902354533924,Own,352627.10727342253,36,3.3523955936165724,Good,Approve
APP0618,772,46205,0.44376701056821566,Poor,0.6529804985507283,23.66240057388657,11,0,2,6.717965402340143,Mortgage,492886.05778008484,36,12.619641354877949,Very Good,Review
APP0619,748,54341,0.7489774402008992,Poor,0.13959117078699293,21.395039604241095,9,1,2,16.865189612954854,Mortgage,46846.31156269379,24,7.686195126699189,Very Good,Decline
APP0620,722,93711,0.17377525267546368,Fair,0.7630257826184585,25.1992893328268,10,0,3,0.545753013011312,Own,220010.37747663396,12,11.939091207395997,Good,Approve
APP0621,620,67831,0.6351085096528531,Poor,0.6203610334529733,2.6302032583364756,5,0,2,4.603625577425154,Own,127156.74256344144,60,14.382315950932277,Fair,Decline
APP0622,747,29043,0.38676973736319487,Good,0.6424705411036545,22.678098465648638,4,0,3,18.09836840688534,Own,318908.967709692,48,6.675443922316022,Very Good,Approve
APP0623,888,87980,0.5586216001670367,Poor,0.3585354143432909,25.674729962340766,5,0,1,12.79792872166504,Rent,405337.7250365552,24,4.074655640925587,,Decline
APP0624,834,48296,0.28216561858966055,Poor,0.7973876227334556,9.297916231291115,8,0,3,4.536941910021128,Rent,483492.2473572822,24,5.787581235779108,Excellent,Approve
APP0625,859,111832,0.21164458377895082,Poor,0.6665658601996288,19.572970945804332,12,0,3,4.382899364651607,Own,232752.09240781283,60,5.665113973350751,,Approve
APP0626,648,92001,0.21232382998985852,Poor,0.1457018965498153,10.11069985127219,6,1,4,17.25236203518861,Rent,395246.93301487603,12,11.902193009523048,Fair,Decline
APP0627,601,53816,0.14934436195020126,Excellent,0.3966113292452383,28.781160927991166,16,2,3,17.87515016554093,Mortgage,459355.280099786,36,3.7422981807014084,Fair,Decline
APP0628,687,97025,0.22995269343087013,Excellent,0.8034233076661205,1.969283600629609,5,0,2,5.122621819242306,Mortgage,344829.4619425835,24,3.611202958268805,Good,Review
APP0629,705,66696,0.5649535694922778,Excellent,0.09011719644277215,17.813992471155697,7,0,1,8.410207161530645,Own,128938.9507003879,60,11.323303133806032,Good,Decline
APP0630,809,86319,0.7171834282904557,Fair,0.8672041266957421,5.828602864435938,10,0,5,16.691914772566342,Mortgage,307848.5340428178,60,9.680636218512285,Excellent,Decline
APP0631,530,77118,0.6698879799138133,Fair,0.6272881830716284,21.654385950137602,7,2,0,15.420148772197708,Mortgage,485276.5034304214,60,8.013210538118441,Poor,Decline
APP0632,852,43841,0.579594016912139,Good,0.58666958099687,6.100818219141201,10,0,0,16.27832213132169,Mortgage,493901.376142167,36,9.904420883724542,,Decline
APP0633,684,48911,0.1773023043877719,Excellent,0.27997536801479267,7.82611459505237,6,0,3,10.367963815759376,Mortgage,324756.3136212213,24,11.822974871623668,Good,Review
APP0634,657,90749,0.3024312124071649,Fair,0.2614730204283005,15.336753520326985,8,0,4,18.230980966103463,Mortgage,444624.0013572747,60,4.241656472481352,Fair,Review
APP0635,598,56630,0.3168648127257283,Poor,0.8507494865653061,27.530213549909465,10,1,2,6.519030879088705,Rent,108171.18828581537,36,9.63943699177131,Fair,Decline
APP0636,534,54908,0.2749698624783349,Poor,0.3035315860990043,7.139716792291154,5,0,5,3.1334426869503607,Rent,130578.51642658623,12,12.893001994971664,Poor,Decline
APP0637,782,41121,0.46050396179680625,Excellent,0.7091795022111494,5.182960612425002,6,1,1,14.174646651297296,Own,476914.93031358125,48,7.349150046939748,Very Good,Review
APP0638,707,75589,0.47488767041577085,Good,0.38415352847601725,23.01032812376689,10,0,0,10.787088320137928,Mortgage,76265.33399245587,24,12.156215851471668,Good,Review
APP0639,571,116563,0.34982018261977715,Good,0.16836596016699837,15.517966437683999,3,0,3,17.09171537618962,Rent,103642.15466580467,36,13.14505006975811,Poor,Decline
APP0640,570,38311,0.34765241111550527,Poor,0.05910800304105511,27.44176825907137,1,0,2,1.623184982494299,Rent,216068.81356882534,48,12.851150301841606,Poor,Decline
APP0641,666,65605,0.679988918534257,Good,0.5126187364629632,5.251822157635426,5,2,2,16.873848068761337,Rent,298896.3009991417,48,10.804276823830335,Fair,Decline
APP0642,866,100305,0.65250499382378,Excellent,0.8794119957665928,19.73190889766814,14,1,1,5.8658930641764435,Mortgage,305870.4372944531,36,11.608134220757503,,Decline
APP0643,674,63008,0.31545708217652196,Poor,0.3637657647378238,7.753495238402636,8,1,2,13.09711334336366,Rent,153068.24424612656,36,12.45210216857737,Good,Review
APP0644,549,76309,0.7396519107112816,Fair,0.3536134838940881,5.546052430897539,7,0,2,0.8025757815651158,Own,461100.8099956706,36,11.804511713971584,Poor,Decline
APP0645,675,38440,0.7669705119017542,Fair,0.34247787517202577,20.819453039560845,7,1,5,12.191625926072014,Own,458398.9547278528,60,8.420161947438945,Good,Decline
APP0646,672,75707,0.3287197794210286,Good,0.49246226170912966,18.216853977353264,11,0,3,14.345433783746719,Mortgage,202113.3459956625,12,4.909451314463467,Good,Review
APP0647,430,60321,0.3480974641551384,Poor,0.4245651509106495,22.889996292507604,8,1,0,7.375004290112406,Own,222802.9670208456,60,6.716767198626327,Poor,Decline
APP0648,694,89643,0.4539439073953712,Poor,0.7979274327179623,9.974414716939288,2,1,4,4.308214105242804,Rent,354223.58724371676,48,5.486958746904698,Good,Review
APP0649,676,94684,0.7587845687735716,Fair,0.47969267296496676,13.991178035083509,14,0,1,10.7526135320709,Mortgage,334867.9892354614,48,7.3373298519000265,Good,Decline
APP0650,769,129739,0.7134236031996182,Poor,0.48159416246028347,12.758678613582136,9,0,5,16.66381608871293,Own,197325.53733087156,48,8.871972962189139,Very Good,Decline
APP0651,884,79490,0.17179757380851288,Poor,0.1676158555124731,29.53859445502891,5,1,1,6.470947165933016,Mortgage,212979.68324529167,36,14.508560060810952,,Approve
APP0652,812,73144,0.37491152028999136,Poor,0.885328609773828,9.47521974544225,11,1,5,5.049385950425592,Rent,180539.08227655408,24,14.513553539871152,Excellent,Approve
APP0653,673,69859,0.48735983282484036,Good,0.2624769572385052,9.549699912056239,7,1,1,5.578706172753753,Own,125338.65340712086,60,12.23506225100228,Good,Review
APP0654,589,56170,0.4521927307860781,Poor,0.11235945734066227,11.281898056029615,6,1,1,18.982643058333288,Rent,234487.79783282845,24,14.761683460360086,Fair,Decline
APP0655,957,73462,0.2357041475558249,Excellent,0.6136743116289275,17.373228357419325,9,1,3,7.185538315291193,Own,346352.7246322448,12,14.976189789893509,,Approve
APP0656,705,57614,0.7011717398177083,Good,0.5560614146333418,8.317359583648612,9,0,1,0.0720847977657435,Mortgage,373563.68560400355,12,13.62308097358372,Good,Decline
APP0657,701,69211,0.5738585480977862,Poor,0.40287380589383387,27.543408270998942,7,1,1,15.633624159192394,Own,391648.0876454217,60,3.9540429984736565,Good,Decline
APP0658,697,97939,0.6865358623962625,Poor,0.40886339879857636,8.704881381121641,5,1,2,13.985495906707804,Own,193618.68659202952,48,8.112529241571142,Good,Decline
APP0659,719,39836,0.7011349955446305,Excellent,0.7173043328894665,26.978656215245646,6,0,3,2.5713652920593777,Own,384671.6371996371,12,9.409439772304104,Good,Decline
APP0660,685,93496,0.6238490975660179,Good,0.2163557440847017,4.000776845750955,7,0,1,19.698084982698248,Mortgage,13192.994689018884,24,4.488991027387769,Good,Decline
APP0661,642,97927,0.4074474208748022,Fair,0.7472153211031562,20.04031836958992,13,0,4,12.161245706102225,Own,243754.46948127227,24,12.703567526917501,Fair,Decline
APP0662,645,62048,0.5273827285107973,Fair,0.6014350468107654,27.302580034709067,7,1,0,10.01558981881203,Rent,399013.1560650185,36,4.784200979385371,Fair,Decline
APP0663,696,11953,0.21225578428382022,Good,0.4061243077125957,5.893733713548657,8,0,2,7.644385352457821,Mortgage,318721.9131142631,48,7.599945304715807,Good,Review
APP0664,645,49804,0.5715517922324355,Poor,0.4393243240962883,29.081481842878397,2,0,1,17.97345511127276,Mortgage,242290.93083570877,36,3.826946159134576,Fair,Decline
APP0665,628,97424,0.22547727901749653,Poor,0.2681501261081814,14.133617452049839,8,0,2,4.879269628371265,Rent,325874.5832371111,60,9.295117055503715,Fair,Decline
APP0666,710,64428,0.5857647133571098,Fair,0.6892971827924286,28.425738144789708,4,0,2,5.715378004398037,Mortgage,454403.5415428453,12,10.164497362016208,Good,Decline
APP0667,674,40017,0.26071871252777806,Fair,0.48594353095947757,20.627781265271363,10,0,2,2.448216133731338,Own,287527.08229900163,36,11.822122201928154,Good,Review
APP0668,850,52380,0.182285910105154,Fair,0.32272636133736704,9.746019226332995,11,0,3,15.182381911685201,Mortgage,401895.233815452,36,7.073537864195436,Excellent,Approve
APP0669,434,86015,0.2156991431000702,Excellent,0.5566425983968077,6.460773222596086,7,0,3,11.910985608117066,Rent,490563.9353603468,60,10.086377995238172,Poor,Decline
APP0670,809,78668,0.1013944946533492,Fair,0.8963742842436245,9.808316340527883,11,1,3,12.181323385089966,Mortgage,355728.41901702766,24,11.809768075925662,Excellent,Approve
APP0671,824,59026,0.6031177324974712,Excellent,0.41997293770807076,3.6975048686175747,10,0,2,4.369408620389272,Rent,290929.6243056411,24,12.144421786920288,Excellent,Decline
APP0672,492,55829,0.6126807343408655,Good,0.8325876906618266,5.1721710239565635,11,4,4,13.023367782541676,Mortgage,28368.114091416726,60,6.619702157400445,Poor,Decline
APP0673,665,55206,0.46045334493928164,Poor,0.3432643139358812,4.0351527700479535,12,1,3,15.30916894493728,Rent,193494.17014474788,24,3.8124471621375005,Fair,Review
APP0674,662,41939,0.2129539607387686,Fair,0.096522800886238,13.265362768505174,7,0,6,7.157770614513785,Mortgage,287066.93942240794,60,3.451433730618651,Fair,Review
APP0675,559,105384,0.15848803625748284,Poor,0.22360579041316456,24.071772911470006,7,1,3,16.026942879234245,Own,400631.2201359559,24,12.216723416311005,Poor,Decline
APP0676,622,56941,0.11339027650610091,Poor,0.40589087182853156,5.100123072273865,8,1,1,6.975811770640419,Rent,224671.34692731238,60,7.6252670061749495,Fair,Decline
APP0677,588,95428,0.21602372387565452,Fair,0.23668968930538367,4.779292561997741,10,0,2,15.162769230185752,Rent,480428.55512473895,24,4.6073119536402185,Fair,Decline
APP0678,875,103032,0.7235988744882028,Fair,0.05019298248551721,19.65943953600259,11,1,7,0.6746021491543797,Mortgage,143178.9387856007,36,5.2138672262552666,,Decline
APP0679,793,89957,0.26907578919117725,Good,0.8277513070853981,6.718306477073922,10,0,2,11.023292029473053,Mortgage,374837.9256530551,36,12.193805697637481,Very Good,Approve
APP0680,827,54209,0.347989929052051,Excellent,0.7672974995462897,3.8306911051607564,9,1,1,19.390531212797733,Mortgage,215325.39437122247,24,10.186824008289179,Excellent,Approve
APP0681,772,75093,0.17374183913693325,Excellent,0.6809483967639051,5.838608767961752,3,1,5,19.624892013647816,Own,248134.3623372939,60,9.01683799396285,Very Good,Approve
APP0682,587,64395,0.2556529133237192,Poor,0.19264240629912432,27.788210480426507,7,0,3,5.635051566834813,Mortgage,403225.99659406574,36,10.476091027494391,Fair,Decline
APP0683,647,42407,0.4634571995461436,Fair,0.15230903977848814,24.822666330509534,3,1,5,8.827981821607109,Rent,155145.4782093357,12,4.64999464988909,Fair,Decline
APP0684,748,73108,0.5254268781669569,Good,0.10746403705152568,11.26787230829773,10,0,2,1.259558159732661,Mortgage,57437.90773162014,24,6.828506914921885,Very Good,Decline
APP0685,577,35524,0.27174661991634774,Good,0.665424810456983,20.018802252494392,7,0,0,17.466826152091993,Own,264925.23646057927,12,7.488762208620866,Poor,Decline
APP0686,771,94691,0.14041251145758205,Good,0.8394867665847024,16.580994536373105,6,1,0,11.371443062804282,Mortgage,269109.3597838369,12,6.7739732325574655,Very Good,Approve
APP0687,675,53384,0.3737230083891791,Good,0.41595544777608146,20.636603640994355,11,1,1,7.702013578810341,Mortgage,400612.2083904331,48,13.372995745619235,Good,Review
APP0688,662,70028,0.26394235964843393,Good,0.15126957119664095,20.79746342142002,7,1,2,2.2554111697830614,Rent,484476.4110537299,12,9.977053735831408,Fair,Review
APP0689,771,72082,0.2536877462608614,Excellent,0.4855338976222906,19.233286436739796,12,0,3,18.935345709937785,Mortgage,37097.33630089071,12,11.751856889806724,Very Good,Approve
APP0690,744,58527,0.7719039618994188,Excellent,0.34650712133983563,8.716939687581949,4,0,2,10.604380956419874,Own,299927.8421341234,48,5.840473078508358,Very Good,Decline
APP0691,663,79667,0.5314103401480069,Excellent,0.36860118569749806,2.1311862021217256,8,1,2,5.6585585816580775,Mortgage,343826.47985425196,48,6.168888447549005,Fair,Decline
APP0692,815,53127,0.4898149102204672,Fair,0.5781310305323512,14.211436677713156,8,0,3,7.00430260263019,Mortgage,493042.66186677566,48,5.704031796937755,Excellent,Review
APP0693,591,86782,0.3910425724663254,Poor,0.660910396272872,26.83824265603041,4,1,1,5.4139436184429535,Rent,471869.20499568665,60,11.25575493174669,Fair,Decline
APP0694,761,31350,0.40026103340110103,Good,0.14401305904218673,17.5154204970387,11,2,7,12.036196177139614,Mortgage,359100.87470886897,48,7.18849194828622,Very Good,Approve
APP0695,759,68159,0.4786335026866566,Fair,0.08025169618550493,25.13934020935533,7,1,2,18.599271515610198,Rent,265676.81150978827,60,7.8610095888499565,Very Good,Review
APP0696,669,113473,0.5875008649252751,Good,0.8951807572828576,29.757105945875615,8,0,6,17.13387606653129,Rent,89146.72192663803,24,11.509459294066332,Fair,Decline
APP0697,732,39991,0.5915022673272806,Excellent,0.24781909657821904,5.744869920010012,11,0,1,9.20761750851955,Mortgage,198246.5120501645,60,14.661584422598466,Good,Decline
APP0698,574,48056,0.22018573539381472,Fair,0.09575594617219021,21.061551535117488,3,0,0,16.529987246020156,Rent,296709.9392780056,24,4.942503764799816,Poor,Decline
APP0699,792,77847,0.45007892645363895,Excellent,0.21139402973153198,20.554513637300715,10,0,1,8.462109625526598,Rent,365348.1943319193,48,3.752115218817641,Very Good,Review
APP0700,681,69489,0.3883706665238714,Good,0.08311416939619459,29.418707973390074,11,0,6,5.046142815172761,Mortgage,321345.783164765,48,5.338151183609531,Good,Review
APP0701,647,73765,0.709368876388569,Good,0.3830392604245959,29.58242128463121,3,0,2,19.66830230532856,Mortgage,359920.1728955932,24,11.81952821955934,Fair,Decline
APP0702,804,77229,0.5419932448528635,Poor,0.7320415167836256,20.913679739999754,10,1,2,6.077751359416437,Own,220284.72723042985,36,5.335527492588196,Excellent,Decline
APP0703,629,80868,0.4727528464911873,Good,0.3400577822940625,8.064828967483633,9,0,1,6.474484619738168,Own,366537.3723797944,60,10.012228831498636,Fair,Decline
APP0704,559,92742,0.18077624952524218,Excellent,0.4275558958466116,24.158119305787373,8,0,1,19.793857355730445,Rent,80433.21544966241,12,10.083798437987785,Poor,Decline
APP0705,544,75245,0.5239465225263881,Good,0.624248757532323,4.1038448921201045,9,0,1,2.6785498633130977,Rent,89667.29276392564,48,6.533077203564973,Poor,Decline
APP0706,760,58968,0.1820427339761634,Poor,0.4825599595593982,23.64027982097723,7,0,1,15.210679760193901,Mortgage,89787.75145643677,60,3.8247153585195446,Very Good,Approve
APP0707,571,81814,0.3360446028960265,Poor,0.7822288331181255,27.395687600196197,6,0,2,18.71625516965453,Own,446523.82894753024,60,7.790406209419256,Poor,Decline
APP0708,875,112497,0.19998937537003234,Excellent,0.786130323788893,12.102168448284623,10,3,2,10.235899885508372,Own,47256.6910212309,48,5.241425067078428,,Approve
APP0709,491,61684,0.5844515529170583,Fair,0.058424091167480596,19.288423554509333,12,0,2,0.05043523405640071,Mortgage,402739.1026394032,24,5.213678523198289,Poor,Decline
APP0710,869,40636,0.24437647968530685,Good,0.7113393605107193,13.474139230807962,8,0,0,7.501178882262125,Mortgage,124449.7400429012,48,9.271066452344892,,Approve
APP0711,721,92677,0.37430156123161823,Poor,0.44162356020542276,13.695186594655725,9,1,1,2.231379847696542,Mortgage,239530.67084267281,60,11.077453657173042,Good,Approve
APP0712,690,61990,0.7269723443331452,Good,0.8905144601081135,10.000755784135482,11,0,4,8.323753218673914,Mortgage,458818.7317781822,36,3.904980627198336,Good,Decline
APP0713,645,10683,0.2430214683792792,Good,0.46074726449411985,23.101758993059413,9,0,5,15.800535232845693,Own,297109.2425468783,24,9.93985678371001,Fair,Decline
APP0714,739,86185,0.4554635447711454,Fair,0.8888615535800528,28.14912036082865,6,0,2,8.774230977676009,Mortgage,112957.66625385571,48,5.954419721381528,Good,Review
APP0715,696,51616,0.3934901628162154,Poor,0.6913839570248761,28.28177491779937,8,3,4,8.63850242691845,Mortgage,149204.12955621548,12,11.079576732236193,Good,Review
APP0716,810,62736,0.11268682873201082,Good,0.26131415192131036,6.068657261373081,6,1,0,11.135789538376933,Own,461018.845708935,48,12.7225900344284,Excellent,Approve
APP0717,711,73299,0.6549306795009691,Poor,0.507635732393914,26.367565840040417,9,1,3,11.633811694953604,Mortgage,219300.52330388938,60,12.684163627990605,Good,Decline
APP0718,715,69762,0.1483321344202198,Excellent,0.8933152935567953,22.385511801386542,7,0,6,17.125926175979426,Own,297622.88667332684,60,7.438336298888812,Good,Approve
APP0719,663,82736,0.43197851468386755,Excellent,0.7789010165891351,8.332284620018388,7,1,0,6.16710878457903,Own,235366.77634644049,12,9.807236086530532,Fair,Review
APP0720,694,54112,0.492474806457265,Good,0.13276185972253793,2.951253774723922,6,2,6,16.43342528736032,Mortgage,195434.6631437403,24,12.524342206048562,Good,Review
APP0721,730,77827,0.539898519630211,Poor,0.6504161972884966,8.771920739646962,9,0,2,11.318674973840945,Mortgage,119406.77219687695,60,3.7297231377657263,Good,Decline
APP0722,528,58511,0.582042140515513,Good,0.3437426479901911,27.45403886666424,13,0,3,6.010590994342939,Rent,346233.83523745503,24,10.267492034068345,Poor,Decline
APP0723,565,83470,0.27729066846590056,Poor,0.055934922598295904,19.362181571977395,5,1,3,5.902520880121543,Rent,361938.592873339,24,13.038263805893347,Poor,Decline
APP0724,774,80384,0.10698514366091456,Poor,0.39295882367294965,21.910585166038285,2,0,0,7.22275034211449,Own,144693.69488762575,48,7.468283974818317,Very Good,Approve
APP0725,717,41614,0.6064105636484385,Fair,0.2495412584662256,8.45741818216378,5,0,1,12.45386485239951,Own,396615.3130968669,24,8.46489736777544,Good,Decline
APP0726,681,92149,0.47495961954330507,Fair,0.7460388799424008,21.862256511669788,6,0,1,4.616234627198983,Rent,428722.248147823,60,11.384736822712199,Good,Review
APP0727,701,51600,0.6852823922450741,Fair,0.33673101751890067,1.8155236820597889,9,1,1,18.406671233445348,Own,461130.7971574189,60,3.8146165423883853,Good,Decline
APP0728,734,85201,0.6749718540304861,Good,0.7533951398607445,11.8843190274174,11,0,2,11.498251683558006,Rent,88994.08282000126,36,7.627631525047507,Good,Decline
APP0729,646,74182,0.6903283174515182,Fair,0.05050824800957601,19.175847107727606,9,1,6,18.400315539920136,Mortgage,158922.6049705005,24,6.548529242686188,Fair,Decline
APP0730,622,110954,0.43956626198567816,Fair,0.31164627752220125,5.236800400698287,5,0,2,0.9280871715830941,Mortgage,431573.14027681085,36,3.2039309950455697,Fair,Decline
APP0731,719,59413,0.333539877085806,Excellent,0.25499043216159767,24.867103658961106,10,0,3,6.852227409229467,Mortgage,107284.69938566805,48,5.351671934799121,Good,Approve
APP0732,602,56267,0.6540907418139591,Poor,0.24853225690831934,7.815907665545641,5,0,2,0.45615321375246154,Own,11699.54502931273,36,7.7506027870661915,Fair,Decline
APP0733,740,64514,0.4159058791204785,Poor,0.10795862680064329,19.91615227173494,14,0,7,5.445036301959396,Mortgage,436705.3820233009,24,5.369144500806851,Good,Approve
APP0734,529,57420,0.22840953748240417,Fair,0.20905562984892648,12.75071713468456,5,4,3,17.240129445371764,Own,169960.22645817098,60,10.228779818334678,Poor,Decline
APP0735,802,84998,0.6984818136930321,Poor,0.5222171344027768,18.28526426885177,8,0,1,0.732194316844017,Mortgage,213103.7873180855,48,8.383831288035708,Excellent,Decline
APP0736,747,24592,0.7177919137406431,Excellent,0.2976569119120828,4.116066026238336,6,0,2,8.722941998314898,Own,228703.6726031126,24,3.4737755372806176,Very Good,Decline
APP0737,725,38657,0.42641682929811914,Excellent,0.40478556497977575,1.4904711977266123,13,1,2,2.3513414094645557,Own,425654.55432694196,48,6.300483171750203,Good,Approve
APP0738,798,38304,0.15298980911685123,Fair,0.3703368482951102,27.377368394028736,8,0,2,8.336813185207355,Rent,175567.1508507956,12,3.2337212445505683,Very Good,Approve
APP0739,866,88757,0.3714782629418519,Excellent,0.7945191862499104,8.819270254248302,6,0,1,16.777031685287547,Rent,447217.14406967605,24,7.297622158733711,,Approve
APP0740,801,107765,0.6624763616238224,Poor,0.8195041491589381,24.770633080633313,7,0,1,12.461420668050383,Rent,312300.1776435435,12,6.109320212950003,Excellent,Decline
APP0741,515,62388,0.7312418199823602,Good,0.469013425907481,29.981158713693805,5,0,1,14.735126906628464,Own,268370.4947765053,36,11.25824138602154,Poor,Decline
APP0742,572,60779,0.2424309197483171,Poor,0.3306325577682637,7.131506481968423,11,1,1,6.98208230899162,Rent,169551.10849245658,24,6.688883107158388,Poor,Decline
APP0743,637,66751,0.1468815284176901,Good,0.1407805984020091,8.689951494317313,11,1,2,18.88795390020283,Rent,129418.73117778105,12,7.501903975012368,Fair,Decline
APP0744,702,94046,0.7141453171929871,Fair,0.8603924474747807,20.222933841405304,9,3,2,14.185241875590002,Rent,315788.63696090085,60,11.704007182358502,Good,Decline
APP0745,751,41816,0.37258345728521275,Good,0.10119290316525284,28.998010403418014,5,0,2,8.435976385690617,Own,228978.1384277223,36,8.771012110903834,Very Good,Approve
APP0746,627,70959,0.4792326749872943,Excellent,0.3030027359330384,27.558616097531573,11,0,0,8.529296004541099,Own,456152.8448666831,24,9.677452543150078,Fair,Decline
APP0747,718,89379,0.7776460684355313,Poor,0.3033562709945035,15.583390081901962,6,0,2,18.373683558865952,Rent,250902.97089588438,24,13.096159964969383,Good,Decline
APP0748,624,77527,0.146595309539956,Good,0.32234109321918264,24.058198193275015,10,1,5,11.528093868707836,Rent,260779.50918358366,60,5.48265966548842,Fair,Decline
APP0749,638,69739,0.553822605216467,Poor,0.18964381678154787,4.936629739897131,4,0,2,14.127584198060834,Own,214194.40775664037,60,14.870226342331083,Fair,Decline
APP0750,559,90026,0.15187379580240695,Fair,0.7156872162851425,29.345707341916356,7,0,2,8.340704490263416,Own,396738.86852572963,12,13.801261102084728,Poor,Decline
APP0751,607,-2580,0.3628282499265503,Fair,0.15412318267109085,28.96624378704361,11,0,2,4.473855295294282,Rent,218171.2070735425,12,6.438633943212732,Fair,Decline
APP0752,564,81946,0.6626701816354128,Excellent,0.5896706602801883,5.748139778495958,10,2,2,14.471185839888372,Rent,141977.5798773799,12,13.71526101144672,Poor,Decline
APP0753,602,48648,0.40343056292894414,Fair,0.15526912269994483,9.683270619290091,7,0,2,12.156475442827757,Rent,432395.1284038198,48,12.047473899561762,Fair,Decline
APP0754,805,19234,0.7980276477320654,Good,0.10995529195401307,3.904494927696241,10,1,4,10.026857608495588,Own,302445.82846896775,36,14.16907766354582,Excellent,Decline
APP0755,605,77780,0.49134149946262157,Fair,0.823015078132995,8.879810368047211,8,0,4,12.480418799889277,Rent,299840.00768681086,24,11.29362225750895,Fair,Decline
APP0756,963,99341,0.32481350684516747,Excellent,0.21160945137089981,24.66271789304099,3,2,3,4.165711721284673,Own,309302.881510324,36,11.093728595809903,,Approve
APP0757,749,61563,0.2540779281333272,Poor,0.7480626313757487,11.971152607792524,7,0,2,15.878774130639126,Mortgage,362231.4766207767,60,3.041572909170376,Very Good,Approve
APP0758,718,88821,0.3453643740003133,Poor,0.5129362404410654,3.563512047255993,6,0,1,18.963256100406117,Rent,163403.31476315774,36,8.695338344100676,Good,Approve
APP0759,614,105306,0.3607732916316856,Fair,0.11617804166745416,10.924540218588232,8,0,1,17.822062883354054,Mortgage,26583.741708171394,36,5.403223274141077,Fair,Decline
APP0760,770,97872,0.14809957440677268,Good,0.8621309627223573,29.460116692997122,9,0,2,6.428714906140343,Own,407190.6488297347,12,6.888977510028088,Very Good,Approve
APP0761,642,105999,0.35870193959874125,Excellent,0.25991699194310863,19.260824262516884,10,0,3,8.120115465641518,Mortgage,73163.47640200234,60,14.745787607956098,Fair,Decline
APP0762,712,83553,0.42496696381745747,Good,0.7806985435497155,13.068667445778575,12,0,2,16.168045995951225,Rent,363691.67123316665,36,4.02602349391412,Good,Approve
APP0763,956,66885,0.6059164265671633,Excellent,0.19348850491687955,5.82961689142083,10,0,2,11.902342616492076,Mortgage,50334.49616079109,24,11.669837645445511,,Decline
APP0764,690,24950,0.5597106393051257,Fair,0.775851449820575,29.59912712122715,7,0,2,10.958288873532984,Mortgage,193900.84259396113,12,5.075338102450479,Good,Decline
APP0765,814,58848,0.596135958660408,Excellent,0.06124449096949989,24.804621268630733,7,0,4,18.532839350668905,Mortgage,40882.77421745374,36,3.0888160739537796,Excellent,Decline
APP0766,629,43918,0.10585457731379998,Excellent,0.4850133880840586,9.162841771076662,13,0,4,10.720499219541015,Own,265884.70301758504,60,9.017024506174804,Fair,Decline
APP0767,696,119273,0.25236717970637523,Fair,0.7040261925083233,3.0319921759144943,8,1,4,10.298773591746198,Rent,330036.5286629718,24,4.934583585116317,Good,Review
APP0768,877,60602,0.5631790018798996,Good,0.8445761898688658,2.6421411639491827,13,0,4,0.840371825327193,Own,94002.23917731227,60,14.585595071778926,,Decline
APP0769,637,68080,0.43879255772582304,Fair,0.8228218157755139,4.490966335660481,5,1,1,1.3883391718027527,Mortgage,192097.53303481702,60,5.444360845311554,Fair,Decline
APP0770,881,78787,0.10371943296784217,Excellent,0.7466811391154982,17.842288924818227,7,1,1,0.14840615761300358,Mortgage,465817.35061109625,60,5.304423288418414,,Approve
APP0771,770,66090,0.6631462497022756,Fair,0.8049626472121084,27.93413921495928,9,1,0,18.264884515672673,Own,226770.6673826538,48,3.3860030959300578,Very Good,Decline
APP0772,643,107376,0.6409667013032362,Excellent,0.219336732961515,15.40555941217355,3,1,1,8.167733200354013,Own,403246.3487985128,24,6.957835664146936,Fair,Decline
APP0773,763,49433,0.4838934140954939,Fair,0.29155665135496944,25.44541899122972,11,2,2,9.371227522668251,Mortgage,464320.52507950243,60,3.2893400991479895,Very Good,Review
APP0774,797,69865,0.1465243280433905,Poor,0.29562324618289976,13.930711975934427,5,0,4,16.90773895184924,Rent,487429.4542388704,48,8.986639622917524,Very Good,Approve
APP0775,762,46438,0.6365605346728093,Poor,0.370495841351444,21.54892282726693,6,0,2,12.18492620751556,Own,450177.78964877094,12,9.067327713928904,Very Good,Decline
APP0776,542,31999,0.5085995114119548,Fair,0.38432256982741037,22.224309381308522,8,0,2,12.190031927811622,Mortgage,165528.61128789486,48,3.6389194447678315,Poor,Decline
APP0777,627,49705,0.6473719840105715,Good,0.5128720259564742,6.044947471196821,4,0,4,5.930688587096249,Mortgage,481660.71421898453,12,5.880747323848995,Fair,Decline
APP0778,675,64074,0.6262228946770884,Excellent,0.18589779886147517,11.475265710298542,5,2,1,16.678167478490384,Rent,408073.668455563,48,12.98527782173222,Good,Decline
APP0779,692,54267,0.6621014503704861,Poor,0.6375596642180908,19.481762539602695,15,0,1,3.3165995207898757,Mortgage,420216.035983349,60,8.550537275104396,Good,Decline
APP0780,762,47689,0.46260564648323743,Good,0.19243155840883053,3.0502016373466194,4,0,3,1.062991843458958,Own,17434.762244199035,48,8.21532049902926,Very Good,Review
APP0781,717,29842,0.1982271627354605,Excellent,0.3137622097888654,11.484665445125742,5,1,1,3.832067150370646,Mortgage,477577.0430259639,48,11.385323368341577,Good,Approve
APP0782,566,62922,0.5698102313657821,Poor,0.47784336101523095,16.50918452215458,14,2,2,5.354744375491293,Mortgage,391264.20968588296,60,11.578583321871267,Poor,Decline
APP0783,738,27381,0.5343316495363795,Poor,0.7269744772949557,29.890510298294522,5,0,1,5.646221157084135,Mortgage,386304.073288871,12,12.143551209548237,Good,Decline
APP0784,761,84001,0.619577231039361,Fair,0.6785488482529182,14.76147331605078,12,0,0,13.410271972375352,Mortgage,49947.118155007265,60,12.965787901034332,Very Good,Decline
APP0785,755,67060,0.21891670423551474,Excellent,0.5987042029489439,24.665645956315384,13,1,4,4.35649174657287,Rent,123958.58512593231,24,5.787007756828434,Very Good,Approve
APP0786,808,28561,0.23648263993020247,Good,0.18240727149314465,13.529951266931914,5,1,1,13.53316608989969,Own,481508.2159175706,48,3.7965672873522123,Excellent,Approve
APP0787,783,57269,0.72328666205353,Good,0.5149885437732411,24.09533095597156,6,1,2,1.8226434646759948,Mortgage,255331.7666546834,24,7.563178543359851,Very Good,Decline
APP0788,745,46196,0.6249844589164496,Good,0.12432952652990263,18.267029246983142,8,1,0,2.9440492219581804,Own,204950.42893625548,60,13.261174927477828,Very Good,Decline
APP0789,692,72979,0.7357599420902261,Excellent,0.37075870027715313,26.71126780356955,8,1,1,10.176428969819899,Rent,421571.0004019877,60,3.936343971426816,Good,Decline
APP0790,533,98511,0.6311007248147446,Good,0.4014890507464653,12.917334018153188,6,0,1,18.437916051532852,Own,52796.80291583272,36,9.911445585635402,Poor,Decline
APP0791,742,18120,0.5180087141932114,Good,0.08383972352889076,18.524828174822886,3,2,0,17.19135177622228,Rent,214301.58797281908,24,11.41299538969672,Very Good,Decline
APP0792,720,67875,0.5578929159195116,Good,0.28288988454947606,19.270541737945994,10,1,0,19.375068848856063,Own,194093.37946682097,36,8.776886559387567,Good,Decline
APP0793,727,60996,0.722389546758007,Fair,0.8623020471765159,13.104105312213726,6,1,4,13.009581305563419,Own,181427.17964489246,24,6.0621053232792965,Good,Decline
APP0794,572,81783,0.5051647281583584,Fair,0.860587716655236,5.185049266936964,7,1,1,13.51629732832184,Mortgage,160769.19939000584,36,6.915713781880355,Poor,Decline
APP0795,591,70329,0.5426739270298713,Excellent,0.3494779961146584,3.7132228004577312,4,0,0,12.500459978629841,Own,112936.72882713824,36,3.859825175803033,Fair,Decline
APP0796,805,46200,0.20953370120252043,Excellent,0.08663509260607545,1.48347496738936,7,0,0,12.456378457163947,Mortgage,94726.29346535588,24,6.511002568064161,Excellent,Approve
APP0797,696,57023,0.43174485408127194,Good,0.2022306984289543,26.332493663111226,10,0,4,2.942406901351693,Mortgage,323798.9972906403,60,3.5325360907352916,Good,Review
APP0798,768,45099,0.6014779783706693,Fair,0.3833851244185091,7.8577724549221415,4,1,4,10.874779123278573,Own,460503.4721922524,12,11.715899977607624,Very Good,Decline
APP0799,702,91900,0.2896598888214558,Poor,0.8556127432738453,7.133695729171273,10,2,2,7.721358669034515,Mortgage,259337.30617244192,60,13.775943342140236,Good,Approve
APP0800,702,65532,0.24157792636717446,Poor,0.1700192040066072,22.345026612355902,7,1,2,8.85074431554587,Own,156007.5306498557,12,10.602157541443116,Good,Approve
APP0801,793,112529,0.3196787657570909,Good,0.6989884671179803,10.28046727953436,11,0,1,10.472011461184747,Mortgage,87988.49688389091,24,10.88043867519824,Very Good,Approve
APP0802,648,63483,0.2690504395949834,Good,0.14238015846848825,15.67529607994326,9,0,1,2.567923436045032,Mortgage,416770.2488757712,48,8.665708045684635,Fair,Decline
APP0803,709,47289,0.2504388459254771,Fair,0.8840689407825852,5.712820893626232,7,0,1,7.189754677042397,Rent,486031.10767187475,60,4.872437390461297,Good,Approve
APP0804,653,27157,0.3973955900076609,Fair,0.3743740242427647,28.832625922397106,9,1,5,1.2689912175320717,Rent,181086.1467192474,36,3.092701695040436,Fair,Review
APP0805,656,19921,0.7354869597184739,Fair,0.7089493580641976,25.695860600499884,6,1,0,19.593362608447983,Own,152565.70852054318,60,7.127711971326853,Fair,Decline
APP0806,669,25396,0.45494175271710285,Excellent,0.341202420389462,26.049899065985095,8,1,5,2.370560576402523,Mortgage,304731.54695772124,24,12.017862688451473,Fair,Review
APP0807,722,71678,0.23154426657072613,Excellent,0.5835185455849874,12.796438708588152,6,0,1,5.17049477089909,Rent,389911.2006671786,48,14.525178951786978,Good,Approve
APP0808,652,77718,0.15388016856661185,Good,0.21321367202903121,23.10847519750801,8,1,1,17.825858534067944,Rent,233147.3737393355,48,8.173019108902789,Fair,Review
APP0809,825,25470,0.5873093015965477,Excellent,0.17411786640241816,5.172408506303625,10,1,0,9.654200924782836,Rent,318735.8434318651,60,7.3846921480023955,Excellent,Decline
APP0810,610,87375,0.3679591351054715,Fair,0.8473545186329116,1.249951075161628,9,0,1,2.712744030412606,Mortgage,361109.043331413,60,8.351502075976574,Fair,Decline
APP0811,681,52923,0.6752816626097515,Fair,0.8300001862187684,1.5792150447628157,7,1,2,7.6846107607869785,Own,480690.2210495278,60,8.133298749650319,Good,Decline
APP0812,656,68669,0.5616575380485391,Excellent,0.80434859918095,18.011450384732253,13,1,2,2.3173598838277165,Mortgage,90868.29195484087,24,10.51055799598374,Fair,Decline
APP0813,844,105305,0.657369015378958,Poor,0.5816184326416044,14.206452252190283,9,0,0,4.004319941690035,Mortgage,498717.421974431,12,11.80976876517712,Excellent,Decline
APP0814,719,87420,0.29036222759291413,Good,0.7370279795338365,16.022445118347072,10,0,3,1.0405969389969005,Rent,202156.7610682021,12,12.419496279054963,Good,Approve
APP0815,803,58286,0.5846512457227407,Poor,0.10868139637466867,1.2164310720993627,7,0,3,8.764549890981998,Mortgage,364368.06993601134,36,10.795257713216975,Excellent,Decline
APP0816,551,42720,0.28484338928560315,Good,0.33457068560707726,13.257911970065345,9,0,3,16.132722434505197,Mortgage,290483.0452067686,24,8.252687505448295,Poor,Decline
APP0817,726,11204,0.7573479356152042,Poor,0.3166476560435828,21.823976674824962,7,0,1,11.71938357399791,Rent,248467.62233433165,48,14.401245066618461,Good,Decline
APP0818,788,47021,0.5454619970733621,Excellent,0.5902985236597212,13.838117357055639,9,0,1,12.126906109692236,Rent,352056.9306784774,36,11.532236356455195,Very Good,Decline
APP0819,708,59721,0.32715826012273946,Good,0.3525641074500444,22.234356983054447,10,1,2,4.011680601664807,Mortgage,203919.3866095616,48,8.11989649015413,Good,Approve
APP0820,806,40320,0.2886583036045909,Good,0.17623076439712868,7.757549967508209,6,0,0,6.87787686504733,Rent,71793.89085503513,48,8.358981325146052,Excellent,Approve
APP0821,648,61718,0.23364860955015046,Good,0.5569970141015121,24.58111812997004,6,0,2,16.90484207681664,Own,249557.7577294075,60,12.815770199148185,Fair,Decline
APP0822,840,66921,0.5862486712256095,Fair,0.7422263325687193,18.064505973150116,1,0,2,1.7571236865302908,Own,265738.7766343361,48,8.286490652669253,Excellent,Decline
APP0823,929,59378,0.25310092909854914,Fair,0.3748049702909772,7.112129883467281,10,0,1,17.158613073370674,Own,108932.05516597022,48,9.195283473349093,,Approve
APP0824,663,48749,0.5167122861492424,Poor,0.16242840783370946,7.864893799761155,5,0,0,9.673800525295713,Own,468453.484601042,24,6.498627503035489,Fair,Decline
APP0825,655,69216,0.28524451884775015,Excellent,0.2171849677158996,19.212883472516573,13,0,3,16.742948626502347,Own,121463.06685668272,60,13.066978006623582,Fair,Review
APP0826,845,76048,0.563378261355708,Fair,0.25186080939397637,25.06824820316086,13,2,2,6.360128387888007,Rent,210521.52110120788,60,9.26742576363984,Excellent,Decline
APP0827,857,37740,0.6704578099783775,Good,0.3049129540453558,13.0532056788455,11,0,1,6.7768590316604165,Rent,85915.54655391442,36,9.630431260673134,,Decline
APP0828,647,100273,0.6446176702012573,Fair,0.5963758099303628,8.490712444700174,9,1,1,15.032097366462855,Own,272540.3566316026,60,13.568104832560786,Fair,Decline
APP0829,657,62535,0.6325959316515473,Excellent,0.5608036618570611,26.143336600407412,7,2,1,15.699923467844403,Own,160742.42796904393,12,14.046207214166515,Fair,Decline
APP0830,671,65471,0.23140568398457648,Fair,0.6416678823319832,20.408780460774214,6,0,0,4.592893559802935,Own,249743.53478828116,24,12.89032555999824,Good,Review
APP0831,565,82705,0.1618694628891631,Good,0.35812668685178617,13.99447913120922,9,2,3,19.45742649643811,Rent,120062.28906451895,36,3.7844449557277007,Poor,Decline
APP0832,608,70830,0.58926417994117,Poor,0.7503980040979815,15.149105663099753,8,1,3,1.689802084896579,Rent,36349.81269487072,12,8.322109221361373,Fair,Decline
APP0833,599,88828,0.35784304965604596,Good,0.22347451198239623,6.923437570155496,6,0,2,1.3700592620426177,Mortgage,391821.0590303051,48,7.119971269829104,Fair,Decline
APP0834,623,72178,0.40264235848234314,Excellent,0.44868463539043085,19.177276271880473,10,2,2,11.910084305722055,Mortgage,324132.2791402326,12,5.562177375949425,Fair,Decline
APP0835,696,49689,0.12180436495537375,Poor,0.7307979133102157,11.40353280574377,9,1,1,14.454815355432428,Mortgage,176962.28429839632,36,13.90744651014943,Good,Review
APP0836,723,74037,0.28170351449253445,Fair,0.20313485057272637,29.87371012355613,7,0,6,19.217722584499477,Mortgage,33272.17009433789,60,13.680827499774047,Good,Approve
APP0837,855,36406,0.12357348271212483,Fair,0.1433836466796655,14.925321942594747,10,0,1,8.098915615977232,Rent,434131.7807215892,24,8.583574599399007,,Approve
APP0838,600,67713,0.7154300408208734,Fair,0.8011313725347913,15.090682579498782,8,0,3,0.5058281797926623,Rent,93199.55241848288,36,4.614730208074362,Fair,Decline
APP0839,798,64169,0.2703776782529714,Poor,0.3414902133453165,17.409701834909484,6,1,1,12.057926788928139,Rent,466063.6869578997,12,3.1603874439814494,Very Good,Approve
APP0840,678,59797,0.4901360187011057,Good,0.6312896061726772,27.585924090443655,7,2,2,5.793920411975437,Rent,244511.73551201966,12,8.261604966777824,Good,Review
APP0841,695,61786,0.1272855244627913,Poor,0.07154631362434771,24.223724895932758,10,0,1,8.658942423908044,Own,176789.48785515703,36,3.479461782882517,Good,Review
APP0842,767,17953,0.5667931739139607,Poor,0.6365398551480321,14.082772024137402,5,2,0,9.769389644998705,Mortgage,373462.1436765723,36,10.314671303037121,Very Good,Decline
APP0843,587,51281,0.32611914202786574,Excellent,0.3186861148149249,21.842278713211083,9,0,2,1.2902522147606765,Rent,439651.308976841,36,10.300906450560827,Fair,Decline
APP0844,738,67321,0.7285434308703661,Poor,0.09737972554932549,18.000829464642088,5,0,1,9.719635691282056,Rent,191649.64618639825,60,13.787273375009379,Good,Decline
APP0845,716,68996,0.7216827322538252,Fair,0.5683408473158995,15.278644412336218,8,0,2,8.526393336086295,Mortgage,209598.43856339177,36,5.280589539472279,Good,Decline
APP0846,749,39308,0.32770343285322345,Good,0.25468324366219725,6.577157410746166,4,0,1,14.250885305731863,Rent,222247.5274801267,48,7.456730908962529,Very Good,Approve
APP0847,728,96642,0.7306726269833276,Good,0.37878615574409796,14.454151640191837,7,2,3,12.913318224246893,Own,461938.30012454785,24,13.314544665411345,Good,Decline
APP0848,945,43345,0.7973103714491453,Good,0.11849369044353655,8.128739023654665,5,0,1,3.7043143630112207,Rent,349356.35584202304,24,8.69155802988138,,Decline
APP0849,636,89236,0.6777909648867637,Fair,0.17508876343070354,27.530422345697986,16,0,2,4.12277836420794,Mortgage,131346.5973523712,48,3.716679467663331,Fair,Decline
APP0850,646,75679,0.6914099434286604,Fair,0.3032806501714672,10.72679759139406,2,1,3,5.020123575487466,Own,100649.85177596992,12,4.3294069391463434,Fair,Decline
APP0851,637,48844,0.27430611527636295,Fair,0.12629557547613357,28.615656421467797,8,1,6,3.5790088059435465,Own,122880.15507815988,12,12.761454858941413,Fair,Decline
APP0852,644,109382,0.5036916792004295,Fair,0.8242023249833679,16.458603412746626,9,1,4,13.144263993369343,Mortgage,139146.30570090355,12,11.924369160342156,Fair,Decline
APP0853,636,35159,0.1470791397771575,Fair,0.055139986706381657,19.31478698160865,11,0,2,19.88860358400541,Mortgage,122789.91075366073,12,13.510578206001503,Fair,Decline
APP0854,818,87978,0.1664425557751688,Poor,0.46128118603466467,16.745272890190506,8,1,2,13.042166810318731,Own,332668.1591242741,60,4.4263339909097255,Excellent,Approve
APP0855,842,90014,0.7992248284233034,Fair,0.15476033941266873,4.752037892034326,6,0,0,12.133630923825825,Rent,66807.42022217812,48,12.125000925558329,Excellent,Decline
APP0856,642,48234,0.3286474745981377,Fair,0.31152722605625627,11.898815351230288,11,0,2,8.19855866702145,Mortgage,199805.65995690075,24,10.86125237949827,Fair,Decline
APP0857,616,99811,0.6237287384341925,Fair,0.8371506258455257,3.875237256051094,7,0,4,6.251605177195215,Own,316276.25075547956,48,5.787518893692513,Fair,Decline
APP0858,747,58748,0.6646655371187716,Fair,0.18744037028288882,19.06566728131807,10,0,1,18.221475138129584,Mortgage,152521.3872320361,24,14.686852626667333,Very Good,Decline
APP0859,644,72217,0.7006162897050605,Good,0.8709574717605827,13.959351660812729,10,1,2,19.38003748284306,Rent,41984.44850381243,12,9.844257829814772,Fair,Decline
APP0860,763,71508,0.7983398081815096,Fair,0.22492522044100846,23.56156417555717,8,0,1,9.935523511754557,Rent,50093.72219452446,60,13.882535704765624,Very Good,Decline
APP0861,720,61642,0.2690475396798075,Poor,0.6803311921968052,7.393643948981725,7,0,3,5.80400991013115,Own,71723.7203892963,36,13.309117610483836,Good,Approve
APP0862,548,85270,0.1282455788017898,Poor,0.514675675162715,5.772415694450713,3,0,4,15.402444153395354,Rent,419563.08218539605,36,6.99750552627134,Poor,Decline
APP0863,854,84837,0.3878340625962102,Poor,0.8018069184572453,12.783634697949266,13,0,1,2.649135817337569,Rent,332353.11774643516,12,9.43148234384176,,Approve
APP0864,879,21286,0.19105646888026287,Excellent,0.5208942671776613,27.870976113333054,7,0,1,15.311764752873632,Rent,41615.98143784594,12,8.17641959285606,,Approve
APP0865,638,97608,0.11569812241343859,Good,0.5043753362828624,21.60223263535994,7,1,2,16.378967486226774,Mortgage,201623.75078419573,48,11.508930843120908,Fair,Decline
APP0866,661,23437,0.35229877899904033,Fair,0.2161393003131399,13.148785118994642,12,0,3,2.4980788925433473,Own,146506.73469506216,60,10.056504054521133,Fair,Review
APP0867,728,90813,0.6486167757526655,Excellent,0.19129495774390992,16.000892922875007,5,3,1,19.537229375931275,Own,293239.6546981121,60,12.418242396446896,Good,Decline
APP0868,733,93167,0.4963264838575496,Fair,0.8290157784481871,3.442177324135852,7,1,3,19.710245807769567,Own,266174.9153394336,48,3.1410271151758145,Good,Review
APP0869,765,37725,0.3189445924472479,Excellent,0.32866246902252894,29.55270099490728,7,0,5,18.734389586547024,Rent,245750.7714511603,60,11.2535191369747,Very Good,Approve
APP0870,901,54729,0.5580394038449038,Excellent,0.36626991671846154,20.32581183615265,6,0,4,9.920696188125287,Mortgage,164111.06148258044,60,6.828781862635859,,Decline
APP0871,682,37357,0.2624127262161675,Poor,0.6958501096641301,9.276717985439252,9,2,1,4.921482845536569,Own,77521.88830155546,36,5.690665678673016,Good,Review
APP0872,620,59626,0.11006701225045952,Poor,0.33799996005938626,17.988443432242086,6,1,2,11.64018561763826,Mortgage,373764.4276075926,60,12.614896396304067,Fair,Decline
APP0873,562,57299,0.6350473705054992,Excellent,0.8592530796431523,4.174988616000825,7,1,1,8.398676769428715,Own,441129.8167329007,12,4.0706545342582245,Poor,Decline
APP0874,626,84491,0.5366201594048065,Poor,0.6772386036489803,29.009263395419925,11,1,2,4.118972894343942,Rent,472633.9455240805,36,5.741520541189694,Fair,Decline
APP0875,696,97757,0.633611837150672,Excellent,0.557814856187407,6.068764648617612,10,0,1,8.473528192356952,Own,38723.29560065443,12,5.4448120931973385,Good,Decline
APP0876,879,99892,0.12725661168136593,Good,0.7987608864630396,19.79287922360121,4,0,1,13.27779671355181,Own,372555.26867855265,12,8.037905340716422,,Approve
APP0877,648,50945,0.6859837394814566,Poor,0.09216502209706035,8.118179413628983,11,0,5,1.4182662157198211,Rent,365986.6951094116,48,6.8680414146871325,Fair,Decline
APP0878,722,59769,0.5336683400254124,Poor,0.26850328836082743,21.809280096807537,9,0,1,6.668360028920331,Rent,474083.7109313387,60,11.645619805316041,Good,Decline
APP0879,698,22914,0.49437674549884814,Poor,0.44528088408777344,23.52781964996815,11,1,3,0.35589780025650386,Own,133928.15130390506,60,11.392438567217718,Good,Review
APP0880,818,44853,0.5372298336801722,Good,0.24293175855079288,20.529172138431548,4,1,3,14.989910109233513,Mortgage,373667.72876462666,60,6.905650693272468,Excellent,Decline
APP0881,952,89121,0.7051032728078549,Excellent,0.6823194092068291,18.820484347400583,7,0,4,12.813825352334016,Rent,36766.881495577436,60,8.243769313749542,,Decline
APP0882,646,105389,0.510855554591235,Fair,0.8313268263956664,26.88160372460834,7,0,7,1.2534426940393173,Own,319310.40317319334,36,5.494898210157276,Fair,Decline
APP0883,651,34141,0.5066652659217256,Poor,0.4102046019412849,3.280174618702983,12,0,2,19.294751192039357,Rent,181915.43378556808,24,11.050018805955247,Fair,Decline
APP0884,804,50188,0.7934754099460362,Excellent,0.3408127100951107,10.59652820762566,7,0,4,0.45243114254201355,Mortgage,386765.62537826283,12,7.754672881590906,Excellent,Decline
APP0885,768,64339,0.6297111169479976,Good,0.8673181223169313,8.200336909294533,14,0,2,11.799212929521772,Own,433019.10035334283,24,4.593913253306583,Very Good,Decline
APP0886,884,72004,0.4096056638157947,Fair,0.4281245679034097,29.652404899897228,7,0,2,15.527349235981116,Own,188762.31068658293,24,4.527185902938135,,Approve
APP0887,758,44759,0.5951779000230495,Poor,0.46569114038189074,12.292303610339331,3,1,2,15.75792626089446,Mortgage,267537.1854226573,24,6.867848141054106,Very Good,Decline
APP0888,664,75601,0.372461330184252,Good,0.3489023914906196,22.245768277971564,9,1,1,0.6857027118640757,Mortgage,67527.99055816395,36,11.96790034363435,Fair,Review
APP0889,759,53154,0.26021282373844934,Good,0.8231162020603175,20.85702975254913,13,1,1,18.128302652808785,Own,214284.41295950353,24,3.3060520335780046,Very Good,Approve
APP0890,810,64638,0.5177963138214317,Fair,0.5336121607895731,7.150355886843954,6,0,6,18.369033438542445,Mortgage,186792.19269699292,36,6.093296318194586,Excellent,Decline
APP0891,782,78657,0.7497274686797661,Excellent,0.697848399104398,7.930932726134988,5,0,2,11.227807463087453,Mortgage,99730.49529441367,48,4.949833906665088,Very Good,Decline
APP0892,750,65160,0.750397664010824,Poor,0.7400357105982533,9.157252343037989,6,1,1,9.641663977742922,Own,448294.5261357202,48,14.477733855667378,Very Good,Decline
APP0893,806,54090,0.3393336946738433,Poor,0.34057168562966944,12.922691069521997,5,0,1,0.8973492612519962,Rent,82563.04063967851,48,11.463379247652316,Excellent,Approve
APP0894,816,62259,0.46937422635518655,Excellent,0.418640181622323,7.795426903865277,5,1,6,11.239082850197374,Mortgage,321512.2851897917,36,5.798792209427354,Excellent,Review
APP0895,838,62790,0.24814512899890287,Excellent,0.7712010082453249,1.5698929996585864,6,0,4,8.187581635404616,Rent,446169.89530514495,36,5.489527025234335,Excellent,Approve
APP0896,764,55749,0.7969417766492185,Excellent,0.3587670489244387,26.50239864740867,15,0,2,15.456128148173123,Rent,456864.6041329806,12,13.29636654464732,Very Good,Decline
APP0897,683,58530,0.7867825355075551,Fair,0.7248448634340736,29.00268511004564,7,1,1,8.077671337721757,Rent,398687.45292187855,24,5.282720356996958,Good,Decline
APP0898,714,104966,0.5546562507952132,Fair,0.8498434741882716,10.90554122391547,9,0,2,13.671616666494195,Mortgage,96309.15559834655,60,14.964710402366723,Good,Decline
APP0899,820,79022,0.6630898417742315,Poor,0.5797288171078059,10.816699503338713,10,0,0,2.028162924750616,Own,410541.39051479613,60,6.387637440136796,Excellent,Decline
APP0900,618,57612,0.6005701128985901,Fair,0.6803831943341055,1.2056625704567585,10,0,0,2.659045415319339,Own,145516.75808365605,24,4.01199257843442,Fair,Decline
APP0901,736,82423,0.5152107533276278,Good,0.7343327152349647,20.72726996158085,7,1,5,2.794203812983167,Own,461975.0334419294,60,11.291302728202297,Good,Decline
APP0902,660,56654,0.1373435978922284,Poor,0.7682837015621461,24.937756976710233,9,0,0,0.9105099959948704,Own,357452.4738976863,60,10.315713511010085,Fair,Review
APP0903,702,94328,0.41833503978686276,Fair,0.3857953371782766,5.251640710440092,6,0,0,10.826577185396076,Own,394781.1048943544,60,14.99786598433748,Good,Approve
APP0904,827,74241,0.5723504115171875,Excellent,0.09357394029959845,5.630324131647371,7,0,4,15.87935452087272,Own,51665.90221594924,36,12.625028932463701,Excellent,Decline
APP0905,719,62317,0.5742721297185793,Good,0.39159483055122857,23.912414249171693,9,0,1,12.208224073873321,Rent,295554.90558733675,36,8.146038397598868,Good,Decline
APP0906,704,76192,0.3611858328956685,Excellent,0.6226927953164763,18.872431702270195,7,0,2,11.499097711057125,Rent,412359.642180353,36,11.119337377957002,Good,Approve
APP0907,564,25728,0.7591843906606215,Poor,0.4327978279136739,2.3009561712037936,5,0,3,13.61247856805473,Rent,432179.27285852464,24,12.814193443240224,Poor,Decline
APP0908,774,36830,0.21714992256574672,Excellent,0.6866186782313387,19.05386272340617,9,1,3,6.792906461440296,Mortgage,24029.535319484345,48,9.164718305319541,Very Good,Approve
APP0909,764,35151,0.45025161235089245,Fair,0.3534350650483643,9.958613962469215,5,0,2,7.2390814329645785,Mortgage,470188.0239520084,60,6.274457408822538,Very Good,Review
APP0910,916,68573,0.583618783585576,Fair,0.5895325199384251,11.693029508654533,8,0,5,6.285401964418451,Mortgage,31235.979318215064,12,5.521267707436436,,Decline
APP0911,669,108312,0.5879950641242665,Poor,0.2084568341258784,23.322211130609524,5,0,3,14.242178657071511,Own,311114.15304067644,36,6.543377239363373,Fair,Decline
APP0912,721,120782,0.554047269738171,Excellent,0.6869640211482134,24.51712058750571,12,1,0,3.232806713415486,Rent,349759.8885315029,12,13.176825380037663,Good,Decline
APP0913,724,80951,0.2927017494163021,Poor,0.513841573491072,12.610342178355088,6,0,5,0.2605056062584876,Mortgage,62599.19267227581,60,7.5651884698648235,Good,Approve
APP0914,857,77521,0.2093445980806354,Excellent,0.2234547302646105,28.46743514418429,9,1,2,11.923928934449847,Rent,33525.81414850442,48,6.439969902795809,,Approve
APP0915,690,19973,0.5451582287786977,Good,0.2981244974731362,12.787418820610094,1,0,3,18.84762729468411,Own,394606.9556808573,12,12.670646733540973,Good,Decline
APP0916,727,51433,0.5195114812976065,Fair,0.6863174022945575,23.383245021673186,9,0,1,12.188158339926094,Rent,198488.60615074265,60,3.383044101294522,Good,Decline
APP0917,760,45305,0.2255492072024687,Poor,0.4602110503122926,15.032440672363514,8,0,2,15.658433058817902,Own,62485.1325044106,60,10.127499251164107,Very Good,Approve
APP0918,718,49478,0.5935974018993944,Good,0.23362672433411139,27.028437469140435,10,1,0,13.455814189320602,Mortgage,383707.2300299446,36,13.48358163823526,Good,Decline
APP0919,655,60796,0.4186203942135595,Good,0.872180511814753,27.325076065855182,10,0,2,9.948733070460325,Own,426089.9043703741,48,7.921004988667288,Fair,Review
APP0920,719,53197,0.5674324141222071,Poor,0.6578562668443547,3.535087428261432,5,0,1,14.36784803567692,Own,297819.2334718156,60,6.231817936311414,Good,Decline
APP0921,807,15517,0.6861569558391055,Poor,0.8635646076588267,28.158306607996547,12,0,2,16.482082477104434,Rent,89006.03613297634,48,8.900508833231477,Excellent,Decline
APP0922,597,83697,0.21880990000384623,Good,0.41303928855629174,24.940510404092056,3,1,3,4.49463288343396,Own,17459.011030830497,36,11.609726012304952,Fair,Decline
APP0923,713,38181,0.11340140759778568,Excellent,0.4538352895879624,23.94801071506734,6,1,2,6.722609609662911,Mortgage,353393.2158379525,12,9.199266756422393,Good,Approve
APP0924,629,70981,0.6453718104770508,Good,0.8132619337572663,6.82642885088015,6,1,2,4.474514650065677,Mortgage,279568.44066440524,24,3.0916679355092773,Fair,Decline
APP0925,819,116852,0.5267881976068312,Poor,0.49629193920857695,24.348457053885284,8,0,1,9.04345911180882,Own,328890.599442839,24,3.939894673296191,Excellent,Decline
APP0926,547,42015,0.5897476987354853,Good,0.6511870751198171,25.653849305866068,4,2,2,17.70129101833335,Rent,408460.48839780194,24,11.655941077076417,Poor,Decline
APP0927,644,1742,0.6867084824920499,Excellent,0.26434694587120044,9.385359699170378,8,0,2,6.904142016706647,Mortgage,222771.61072655633,48,7.799416018505983,Fair,Decline
APP0928,737,57849,0.6619676543771504,Fair,0.42971749839724444,28.615542272507387,7,0,4,7.489337782611067,Mortgage,71012.579728474,24,12.417309975242821,Good,Decline
APP0929,856,92523,0.7726441028501774,Fair,0.15493238593880185,2.445944245575763,6,1,1,17.207344693438635,Own,470591.80984150496,12,10.793878969270907,,Decline
APP0930,693,113958,0.4751545551964828,Good,0.22508303049541742,5.34736834416705,5,1,3,10.307486614893504,Own,277178.4423509601,60,9.978190011862546,Good,Review
APP0931,644,34261,0.4419469428619338,Excellent,0.05080190297748643,16.589853003493914,12,1,1,10.708979992948688,Mortgage,311494.1183533847,48,13.816502020540934,Fair,Decline
APP0932,888,77417,0.3813210399235111,Fair,0.0833752939013612,17.69798166254698,14,0,2,17.21602406664426,Own,467371.60048035806,12,3.2558648817685523,,Approve
APP0933,555,53367,0.20758372999094318,Good,0.8806912497003899,19.709352415726197,10,1,2,9.810534740509464,Own,466475.9915920289,48,4.860412336773621,Poor,Decline
APP0934,480,62351,0.5008250630174157,Good,0.25600064086624796,1.4921047501485272,7,1,0,13.631150692587905,Mortgage,290326.3572968051,48,10.492511465903709,Poor,Decline
APP0935,744,131108,0.2939087670281852,Excellent,0.6138141030784017,28.850636464041777,3,1,1,1.7128933174812144,Rent,155829.5981134988,48,3.7899365586011453,Very Good,Approve
APP0936,649,27425,0.7449152585490829,Poor,0.7632347439796698,2.2930546892901758,4,0,3,3.572634262537706,Rent,498585.6806662422,36,10.739645820728295,Fair,Decline
APP0937,597,71343,0.5082335629939684,Good,0.5180613903510796,5.148796628978669,14,1,3,8.087524014324911,Mortgage,343600.3740772326,60,14.809452924303212,Fair,Decline
APP0938,770,76692,0.5149881263556771,Poor,0.18017282507136276,1.4064210082556525,6,1,2,9.896781356397497,Own,210133.9716771077,24,13.545697187934406,Very Good,Decline
APP0939,724,92144,0.34844726261390707,Poor,0.6688989717357414,17.438894565528745,10,0,1,19.31467402472459,Mortgage,284320.03339825897,36,10.091003088305142,Good,Approve
APP0940,643,67449,0.13639254638439524,Fair,0.5602136985846455,28.035739633708197,10,0,1,19.4130326609558,Mortgage,213758.68463133453,60,13.727720091671546,Fair,Decline
APP0941,571,72701,0.12222063576109204,Poor,0.6715630009452688,20.312467816333463,10,0,0,17.023941749575233,Own,445269.52462535724,24,4.395217815195183,Poor,Decline
APP0942,787,55208,0.39633460090723827,Excellent,0.7042846294285241,24.857066585932394,9,0,1,6.311976705711491,Rent,246424.6936842156,36,8.45632997910677,Very Good,Approve
APP0943,765,71728,0.1591957646680665,Fair,0.8790988125320333,1.3851549002988224,9,1,2,19.280565816648792,Rent,413528.9042308111,36,8.14411338974491,Very Good,Approve
APP0944,690,56420,0.5247928688780974,Fair,0.5375287880227034,16.718443655912058,5,0,0,13.786817293524251,Own,421686.38593327196,12,7.0373710439158925,Good,Decline
APP0945,884,80539,0.7166811039477603,Fair,0.34039494578701157,14.327326347660135,8,0,3,7.858802556348008,Mortgage,413922.8454902717,36,3.002416777611725,,Decline
APP0946,592,55759,0.7180403715631056,Good,0.6011948733652015,15.470070382402998,6,1,2,14.033498339695328,Own,363872.4201130805,48,13.692348223335026,Fair,Decline
APP0947,547,74427,0.5613317870925627,Good,0.1081746028562322,3.09418237472045,10,1,4,0.3304545957305316,Mortgage,428890.08123571513,36,12.332479321833539,Poor,Decline
APP0948,630,64268,0.24786228203105173,Poor,0.8127877205733484,20.848625471009917,11,0,1,2.9230936454842715,Own,199742.49401525492,48,10.834290187197466,Fair,Decline
APP0949,695,93151,0.7040977819512105,Fair,0.15147385963746726,15.593392030900398,9,0,4,16.593714231127354,Own,66184.97100956057,60,4.5476021262196085,Good,Decline
APP0950,724,63715,0.7202654047192458,Fair,0.3286664122029455,23.189316645976653,8,0,2,12.911472737463423,Rent,422802.5601425321,60,7.53846160429805,Good,Decline
APP0951,675,20674,0.23765750946707112,Excellent,0.7433835735322027,15.073428387789745,9,0,1,7.2838940258376805,Rent,254102.5236867992,48,14.091923968413974,Good,Review
APP0952,735,96548,0.6161982600394741,Poor,0.557715521581105,5.33206745056653,5,1,5,10.013332804454375,Own,72414.255938647,12,10.40315526083456,Good,Decline
APP0953,574,42356,0.3005636842489861,Excellent,0.38459019223582575,19.79945166825684,12,3,5,18.102842992915342,Own,66503.13586918388,12,10.2409264383123,Poor,Decline
APP0954,844,48655,0.6618482186470508,Poor,0.4524203104687682,5.999204501049821,5,0,2,12.63156218958173,Rent,88028.77306484742,60,13.957518897084416,Excellent,Decline
APP0955,691,50108,0.7980665299325219,Poor,0.7763652842218532,26.299442337289634,10,1,2,7.962985678686605,Mortgage,377976.89723688184,36,9.718004698795653,Good,Decline
APP0956,811,99360,0.12101820373057498,Good,0.3390037281509083,18.780370933008005,9,0,3,2.4065331479507,Rent,358319.7699984778,60,10.171478982683752,Excellent,Approve
APP0957,734,11608,0.7281561060536524,Good,0.7892022320903456,5.558912623151674,14,1,3,5.87493603251122,Mortgage,109871.15329059279,60,7.148588333714608,Good,Decline
APP0958,745,143443,0.5358413735190607,Excellent,0.12491426633018776,28.907803666954997,11,2,2,19.566804655931666,Rent,424992.47487379966,48,7.457291150788459,Very Good,Decline
APP0959,756,91401,0.7813678334153749,Poor,0.7102786716273362,16.0325984367243,10,0,3,8.74726125703555,Rent,147834.44980884,12,11.227282348969831,Very Good,Decline
APP0960,744,70580,0.42550666226849937,Fair,0.7704154880965259,3.114055104277995,14,1,2,9.436789276897217,Mortgage,398562.93582432426,48,6.845222599575744,Very Good,Approve
APP0961,764,63627,0.6931715513999617,Good,0.20454500491173794,19.17815422803695,10,1,0,9.971960647940307,Own,249514.89479012153,60,9.709295047054201,Very Good,Decline
APP0962,832,72138,0.14367584801879407,Fair,0.4157945525163704,8.342768303371496,8,1,2,17.682080458964222,Rent,368458.8544438974,24,6.350360293878955,Excellent,Approve
APP0963,719,78028,0.33469533505480703,Excellent,0.19067480846410728,24.307110104441772,7,0,4,12.078565687706197,Rent,196879.95490604726,36,4.993502855453344,Good,Approve
APP0964,770,81130,0.14691157642584698,Good,0.6506135096450851,24.716840133419527,10,0,0,13.873540729038442,Rent,180098.8925764402,60,8.452829507264418,Very Good,Approve
APP0965,691,78890,0.7827401934353494,Good,0.5050456028524082,29.389473319785193,6,0,4,7.78827085098208,Own,422266.20349007286,48,5.609352148969286,Good,Decline
APP0966,844,67239,0.6718817350902858,Poor,0.5900248447020728,15.554216399710608,8,1,0,0.581752371779487,Rent,27298.10471189413,24,13.78193166097849,Excellent,Decline
APP0967,632,60066,0.6967831948721794,Excellent,0.2170139219127795,14.193749512104377,7,0,2,18.619458284856886,Own,487621.1041561786,24,6.643355589924395,Fair,Decline
APP0968,880,61218,0.7565756620037261,Poor,0.2299839827445566,22.850792557947937,12,0,0,18.98255361832813,Rent,327607.983550033,60,10.168825146471853,,Decline
APP0969,695,60127,0.15957244028384976,Good,0.08527272668342041,4.84164903391587,4,0,1,18.98306106696102,Mortgage,221916.86021772661,12,6.161302086542447,Good,Review
APP0970,556,93344,0.3699183147593334,Excellent,0.3237574049163703,16.860549900000603,11,0,2,18.87374173293433,Rent,317746.7202637083,24,6.096231152697198,Poor,Decline
APP0971,712,79838,0.1497244223308015,Good,0.5257829621336237,16.841180403794677,10,1,1,16.304838821391222,Rent,70143.06376490158,36,7.207632977740895,Good,Approve
APP0972,631,-8509,0.24755517108502006,Excellent,0.7792446768977295,3.594720561501229,8,0,4,13.691921002326538,Own,261885.70309383833,48,13.99049480785139,Fair,Decline
APP0973,784,81397,0.26055604392637066,Good,0.6168883303398786,13.121538479700494,8,0,2,16.89019836534571,Own,492696.80643650086,48,7.697972859423199,Very Good,Approve
APP0974,634,69868,0.4283750477333051,Fair,0.4200868748897887,25.745259158448857,13,0,0,12.010924780020725,Own,125282.02454488636,48,12.855197633089732,Fair,Decline
APP0975,655,64532,0.28799351721754984,Fair,0.8601520972350171,25.82845503784515,11,0,1,2.6873922778404724,Mortgage,363916.2685278112,60,5.3675768944611955,Fair,Review
APP0976,511,55287,0.17068467477243277,Poor,0.661358420489457,3.877892282670749,9,0,4,7.824363300828421,Mortgage,223135.97415753332,48,3.578034517637173,Poor,Decline
APP0977,654,93102,0.21724376236587542,Fair,0.8406404224331675,3.630905599687095,6,1,6,19.42589823945875,Own,329704.49275909725,48,12.380135055617298,Fair,Review
APP0978,457,88688,0.20309289448646367,Good,0.4984497772813408,8.618168833056124,2,0,1,7.022756271913126,Mortgage,110394.74205896998,36,9.502498769485216,Poor,Decline
APP0979,541,45678,0.7811537585386089,Good,0.27006863357416866,26.36821581406581,11,0,3,17.35655827462739,Own,240527.84148262517,12,9.044709756323057,Poor,Decline
APP0980,776,75176,0.6315047548429316,Fair,0.09490268341001369,4.738174967131469,7,2,2,1.8642294154973915,Mortgage,490245.4297910448,60,6.266470190992964,Very Good,Decline
APP0981,778,40708,0.7774330256886934,Poor,0.6671721237612729,21.87990727619594,15,1,0,6.683676847509393,Own,105690.70399784468,60,3.867804178312222,Very Good,Decline
APP0982,742,30509,0.407818340555536,Fair,0.153107548304704,3.933802968779993,6,0,4,7.019066494547593,Own,321858.063645891,48,8.794320435994152,Very Good,Approve
APP0983,603,49332,0.29485793716385966,Excellent,0.3073588590311721,19.070997758686936,8,0,3,1.0320508621796032,Mortgage,292042.8968957297,36,13.406716305592461,Fair,Decline
APP0984,695,86559,0.6588052380464308,Excellent,0.5026002717013128,11.3259516744552,5,0,0,2.3818866037350994,Rent,286875.2772822976,24,4.44026416444183,Good,Decline
APP0985,699,88828,0.32837774262880276,Excellent,0.5297540996127855,23.878504926010145,10,0,0,3.8633042224354197,Own,311410.4119292924,48,14.150050552166068,Good,Review
APP0986,584,77827,0.30956836159374385,Fair,0.5604957174390656,7.777023015935544,5,0,2,16.75631181620226,Own,256096.60710723177,48,6.296748962899376,Fair,Decline
APP0987,850,83127,0.2627541945454819,Fair,0.19131703079724555,19.536853052308835,4,0,3,1.2680397987961278,Rent,18296.06762625242,60,9.386235513943948,Excellent,Approve
APP0988,787,77904,0.19077528475696476,Fair,0.3727767940984014,7.834793502700664,5,0,2,5.9740180268877445,Own,451047.4376169277,60,3.798100745598982,Very Good,Approve
APP0989,677,48962,0.2795241427117362,Excellent,0.5746150930494217,21.69614821025246,9,0,2,0.20350005178535024,Own,415219.6254671751,48,8.100559125631749,Good,Review
APP0990,702,75798,0.3487238239317214,Poor,0.874346034938717,26.336663002261716,10,0,1,13.912554908060494,Mortgage,95342.16365134946,60,4.510774636885962,Good,Approve
APP0991,720,85010,0.5717959457020113,Good,0.6684864670447354,4.677252174676041,10,1,3,12.406061800867596,Rent,212503.85691564583,36,3.5756854329264898,Good,Decline
APP0992,495,83857,0.14379538955361612,Fair,0.8342131935298641,26.1312749692696,4,1,3,12.899645241062835,Own,387569.0005398483,24,14.598692321131796,Poor,Decline
APP0993,675,94722,0.2473548577657401,Poor,0.6978802495670505,18.21368237801464,11,0,1,7.487655694292375,Own,490230.53453976935,24,11.76113442556959,Good,Review
APP0994,631,82707,0.6663165482041735,Good,0.5529594235585403,4.686204235143695,9,0,1,4.165356425351381,Rent,476057.1527564754,24,11.628692652163929,Fair,Decline
APP0995,599,73786,0.20284534650863956,Good,0.21321986376589286,13.398713805431647,6,0,2,14.406404265720667,Rent,450686.00784132537,48,4.086596273805025,Fair,Decline
APP0996,671,91753,0.33985160256576513,Good,0.6166828041086361,5.664948511067839,12,0,3,16.222357454813903,Mortgage,87603.20967657842,48,14.152206293852903,Good,Review
APP0997,879,64336,0.7052612453006981,Poor,0.579872631065921,21.310088777130517,8,0,2,2.7720299619640354,Mortgage,458092.80194441235,48,8.633622180118628,,Decline
APP0998,764,42953,0.20844771780040988,Poor,0.5620987948886764,23.00717589812054,7,0,2,9.736588558748426,Mortgage,440438.0073460289,36,13.227408816689174,Very Good,Approve
APP0999,642,60923,0.15791578493273295,Excellent,0.4663179877900046,4.06809908791117,5,0,1,4.97431363957725,Own,194705.45647153087,24,3.1512132133652493,Fair,Decline
APP1000,757,46377,0.4391765965560076,Poor,0.49935811339088426,15.678055728144686,10,1,4,3.3621372241226744,Rent,203316.0713227684,60,6.578477776050083,Very Good,Review
